商品名,詳細リンク,写真リンク,簡単な詳細,具体的な詳細,価格(税抜き、税込み),価格,ラーメンの種類
宅麺.com 特盛ラーメン食べ終わるまで終われません！5食セット,https://www.takumen.com/products/10223,https://www.takumen.com/rails/active_storage/representations/redirect/eyJfcmFpbHMiOnsibWVzc2FnZSI6IkJBaHBBOHhnREE9PSIsImV4cCI6bnVsbCwicHVyIjoiYmxvYl9pZCJ9fQ==--34724a26aba85ec9ccdd71262b77e855b34711a8/eyJfcmFpbHMiOnsibWVzc2FnZSI6IkJBaDdCem9MWm05eWJXRjBTU0lJYW5CbkJqb0dSVlE2QzNKbGMybDZaVWtpRERRd01IZ3pNREFHT3daVSIsImV4cCI6bnVsbCwicHVyIjoidmFyaWF0aW9uIn19--ee5f3d2fe1d32a43a01abab55add07d4caca3659/photo_Logo.jpg,日本を代表する中華そばの名店しば田とドズル社による、夢のコラボ,シンプルな中華そばで天下を取った究極のラーメン職人、「中華そば しば田」の柴田店主が、ゲーム実況グループ ドズル社とコラボした限定商品！背脂が効いた豚骨醤油スープはコクがあり、すっきりとした仕上がりで、ガッツリ系ラーメンが初めての方でも楽しめる、老若男女問わずオススメできる一杯だ！　　　　　　　　※画像は盛りつけ例です。　　　　　　　　　　　　　　　　　　　　　　　　　　　    　　　　　　　　　　　　　　　　　　　　　　　　　　　　　　　　　※1食セットはこちら：https://www.takumen.com/products/10223,"9,800円(税込10,584円)","(税込10,584円)",豚骨ラーメン
宅麺.com 特盛ラーメン食べ終わるまで終われません！,https://www.takumen.com/products/10222,https://www.takumen.com/rails/active_storage/representations/redirect/eyJfcmFpbHMiOnsibWVzc2FnZSI6IkJBaHBBN2hnREE9PSIsImV4cCI6bnVsbCwicHVyIjoiYmxvYl9pZCJ9fQ==--37e4d579bbd9700451b1678da7f9215d208a5799/eyJfcmFpbHMiOnsibWVzc2FnZSI6IkJBaDdCem9MWm05eWJXRjBTU0lJYW5CbkJqb0dSVlE2QzNKbGMybDZaVWtpRERRd01IZ3pNREFHT3daVSIsImV4cCI6bnVsbCwicHVyIjoidmFyaWF0aW9uIn19--ee5f3d2fe1d32a43a01abab55add07d4caca3659/photo_Logo.jpg,日本を代表する中華そばの名店しば田とドズル社による、夢のコラボ,シンプルな中華そばで天下を取った究極のラーメン職人、「中華そば しば田」の柴田店主が、ゲーム実況グループ ドズル社とコラボした限定商品！背脂が効いた豚骨醤油スープはコクがあり、すっきりとした仕上がりで、ガッツリ系ラーメンが初めての方でも楽しめる、老若男女問わずオススメできる一杯！　　　　　　　　　※画像は盛りつけ例です。　　　　　　　　　　　　　　　　　　　　　　　　　　　    　　　　　　　　　　　　　　　　　　　　　　　　　　　　　　　　　※5食セットはこちら：https://www.takumen.com/products/10223,"2,000円(税込2,160円)","(税込2,160円)",豚骨ラーメン
宅麺.com おおはラ?麺（メン）5食セット,https://www.takumen.com/products/10219,https://www.takumen.com/rails/active_storage/representations/redirect/eyJfcmFpbHMiOnsibWVzc2FnZSI6IkJBaHBBK0d6Q2c9PSIsImV4cCI6bnVsbCwicHVyIjoiYmxvYl9pZCJ9fQ==--3cede76e4eb52d282efdc68bc964d0827a7d99fe/eyJfcmFpbHMiOnsibWVzc2FnZSI6IkJBaDdCem9MWm05eWJXRjBTU0lJYW5CbkJqb0dSVlE2QzNKbGMybDZaVWtpRERRd01IZ3pNREFHT3daVSIsImV4cCI6bnVsbCwicHVyIjoidmFyaWF0aW9uIn19--ee5f3d2fe1d32a43a01abab55add07d4caca3659/photo_Logo.jpg,ラーメン界の風雲児ソラノイロとドズル社による、夢のコラボ,"ラーメンクリエイター宮崎店主率いるソラノイロが、ゲーム実況グループ ドズル社のおおはらMENとコラボした限定商品！柔らかチャーシューたっぷりの喜多方ラーメンは、老若男女問わずお薦めの味わい
※この商品は予約販売商品になります。商品の発送は10月下旬以降を予定しております。また、ご注文内容の変更等のご対応が一切できかねます。あらかじめご了承ください。
※予約販売商品と他の商品を同時に購入された場合、まとめて発送されるため、予約販売商品発送時期に発送させていただきます。もし他商品を早くお受け取りになられたい場合は、予約販売商品と分けてご注文ください。","8,000円(税込8,640円)","(税込8,640円)",不明
宅麺.com おおはラ?麺（メン）,https://www.takumen.com/products/10218,https://www.takumen.com/rails/active_storage/representations/redirect/eyJfcmFpbHMiOnsibWVzc2FnZSI6IkJBaHBBN3l6Q2c9PSIsImV4cCI6bnVsbCwicHVyIjoiYmxvYl9pZCJ9fQ==--037a13c0d427378c964c8fff8e09798cbfb4e341/eyJfcmFpbHMiOnsibWVzc2FnZSI6IkJBaDdCem9MWm05eWJXRjBTU0lJYW5CbkJqb0dSVlE2QzNKbGMybDZaVWtpRERRd01IZ3pNREFHT3daVSIsImV4cCI6bnVsbCwicHVyIjoidmFyaWF0aW9uIn19--ee5f3d2fe1d32a43a01abab55add07d4caca3659/photo_Logo.jpg,ラーメン界の風雲児ソラノイロとドズル社による、夢のコラボ,"ラーメンクリエイター宮崎店主率いるソラノイロが、ゲーム実況グループ ドズル社のおおはらMENとコラボした限定商品！柔らかチャーシューたっぷりの喜多方ラーメンは、老若男女問わずお薦めの味わい
※この商品は予約販売商品になります。商品の発送は10月下旬以降を予定しております。また、ご注文内容の変更等のご対応が一切できかねます。あらかじめご了承ください。
※予約販売商品と他の商品を同時に購入された場合、まとめて発送されるため、予約販売商品発送時期に発送させていただきます。もし他商品を早くお受け取りになられたい場合は、予約販売商品と分けてご注文ください。","1,700円(税込1,836円)","(税込1,836円)",不明
ラーメン富士丸 元祖ブタカスアブラ富士丸（カラメ付き）【富士丸倶楽部限定】,https://www.takumen.com/products/10212,https://www.takumen.com/rails/active_storage/representations/redirect/eyJfcmFpbHMiOnsibWVzc2FnZSI6IkJBaHBBMnVqQ0E9PSIsImV4cCI6bnVsbCwicHVyIjoiYmxvYl9pZCJ9fQ==--80643b23df379ed1d1a9648c92f1811514dc353a/eyJfcmFpbHMiOnsibWVzc2FnZSI6IkJBaDdCem9MWm05eWJXRjBTU0lJYW5CbkJqb0dSVlE2QzNKbGMybDZaVWtpRERRd01IZ3pNREFHT3daVSIsImV4cCI6bnVsbCwicHVyIjoidmFyaWF0aW9uIn19--ee5f3d2fe1d32a43a01abab55add07d4caca3659/photo_Logo.jpg,暴力的な豚の旨味を凝縮した、最凶の一杯！,富士丸系ラーメンの元祖である『ラーメン富士丸』が宅麺に！自家製の平打ち太ちぢれ麺は、1日寝かせたゴワゴワ系の麺と当日作った小麦の香りの強い麺をブレンド。野菜の甘みや豚の旨味が驚くほど凝縮されたスープは、中毒性の高い一杯となっている！,"1,580円(税込1,706円)","(税込1,706円)",不明
中華ソバ伊吹 豊潤かけソバ伊吹,https://www.takumen.com/products/2025,https://www.takumen.com/rails/active_storage/representations/redirect/eyJfcmFpbHMiOnsibWVzc2FnZSI6IkJBaHBBK0VHREE9PSIsImV4cCI6bnVsbCwicHVyIjoiYmxvYl9pZCJ9fQ==--e9d43f479b46adbbda656e4f7878a80d62b323c4/eyJfcmFpbHMiOnsibWVzc2FnZSI6IkJBaDdCem9MWm05eWJXRjBTU0lJYW5CbkJqb0dSVlE2QzNKbGMybDZaVWtpRERRd01IZ3pNREFHT3daVSIsImV4cCI6bnVsbCwicHVyIjoidmFyaWF0aW9uIn19--ee5f3d2fe1d32a43a01abab55add07d4caca3659/photo_Logo-.jpg,奇跡の水出しかけソバが、更に旨みを増しパワーアップ！！,煮干ソバの第一人者「中華ソバ伊吹」が放つ驚きの一杯！火を一切入れずに、蔵囲天然利尻昆布一等2年物を使用した「昆布水」から、煮干の表層の旨味だけを丁寧に抽出したかけソバ。淡麗かけソバ伊吹から、旨みを更に昇華させた奇跡の味わい！,"1,300円(税込1,404円)","(税込1,404円)",不明
本庄常勝軒 とんづけ（塩）,https://www.takumen.com/products/2019,https://www.takumen.com/rails/active_storage/representations/redirect/eyJfcmFpbHMiOnsibWVzc2FnZSI6IkJBaHBBMkxUQ3c9PSIsImV4cCI6bnVsbCwicHVyIjoiYmxvYl9pZCJ9fQ==--7d5f3748c95962ea1f36e420ca8f171f561238d0/eyJfcmFpbHMiOnsibWVzc2FnZSI6IkJBaDdCem9MWm05eWJXRjBTU0lJYW5CbkJqb0dSVlE2QzNKbGMybDZaVWtpRERRd01IZ3pNREFHT3daVSIsImV4cCI6bnVsbCwicHVyIjoidmFyaWF0aW9uIn19--ee5f3d2fe1d32a43a01abab55add07d4caca3659/photo_Logo-.jpg,コクと旨みが凝縮された至極のつけ麺、とんづけ（塩）！,豚骨と背脂の重厚な旨みが一まとまりになった至高の逸品！麺、具材もスープに対して絶妙なバランスで仕上げられた、いかなる時代でもお客様を魅了する「常勝」の一杯！,"1,200円(税込1,296円)","(税込1,296円)",豚骨ラーメン
元祖新潟濃厚味噌　東横 特製味噌らーめん,https://www.takumen.com/products/1818,https://www.takumen.com/rails/active_storage/representations/redirect/eyJfcmFpbHMiOnsibWVzc2FnZSI6IkJBaHBBM0lsREE9PSIsImV4cCI6bnVsbCwicHVyIjoiYmxvYl9pZCJ9fQ==--84bacf4915e3316f515cb4ff8125fb8a5478f05c/eyJfcmFpbHMiOnsibWVzc2FnZSI6IkJBaDdCem9MWm05eWJXRjBTU0lJYW5CbkJqb0dSVlE2QzNKbGMybDZaVWtpRERRd01IZ3pNREFHT3daVSIsImV4cCI6bnVsbCwicHVyIjoidmFyaWF0aW9uIn19--ee5f3d2fe1d32a43a01abab55add07d4caca3659/photo_middle.jpg,絶品ド濃厚味噌スープがたまらない！ラーメン王国・新潟が誇る名店が登場！,冬の厳しい寒さを乗り切るために、新潟では体の温まるラーメンが長年愛されている。その新潟の五大ラーメンの１つ「新潟濃厚味噌ラーメン」の名店と言われているのが、今回登場する「元祖新潟濃厚味噌　東横」である。今回登場するのは大判チャーシューがドカンっ！とのった「特製味噌らーめん」だ。割スープを使用し、好みの味にうすめて食べる独特の食べ方が最大の特徴である！新潟が誇る名店の味を思う存分味わって頂きたい！！,"1,186円(税込1,281円)","(税込1,281円)",味噌ラーメン
NIBOSHIMANIA 【元祖】ニラ煮干ソバ,https://www.takumen.com/products/1719,https://www.takumen.com/rails/active_storage/representations/redirect/eyJfcmFpbHMiOnsibWVzc2FnZSI6IkJBaHBBK1J3Q2c9PSIsImV4cCI6bnVsbCwicHVyIjoiYmxvYl9pZCJ9fQ==--5ecac3e9e78b27a1ba9e5b313ae0f07063c5bc74/eyJfcmFpbHMiOnsibWVzc2FnZSI6IkJBaDdCem9MWm05eWJXRjBTU0lJYW5CbkJqb0dSVlE2QzNKbGMybDZaVWtpRERRd01IZ3pNREFHT3daVSIsImV4cCI6bnVsbCwicHVyIjoidmFyaWF0aW9uIn19--ee5f3d2fe1d32a43a01abab55add07d4caca3659/photo_Logo.jpg,木曜日はニラ曜日！毎週木曜限定の超人気メニューが宅麺登場！！,店主の創作力から生まれたニラと煮干のマリアージュ！全国のラーメンマニア、そしてコアな煮干ファンをも魅了する至極の一杯をご堪能あれ！,"1,200円(税込1,296円)","(税込1,296円)",不明
山形　煮干中華蕎麦あらた シンチャンつけ麺,https://www.takumen.com/products/1695,https://www.takumen.com/rails/active_storage/representations/redirect/eyJfcmFpbHMiOnsibWVzc2FnZSI6IkJBaHBBOEk3Q2c9PSIsImV4cCI6bnVsbCwicHVyIjoiYmxvYl9pZCJ9fQ==--3c87566697dfd16e1ed2876bec8f7b322d63eea6/eyJfcmFpbHMiOnsibWVzc2FnZSI6IkJBaDdCem9MWm05eWJXRjBTU0lJYW5CbkJqb0dSVlE2QzNKbGMybDZaVWtpRERRd01IZ3pNREFHT3daVSIsImV4cCI6bnVsbCwicHVyIjoidmFyaWF0aW9uIn19--ee5f3d2fe1d32a43a01abab55add07d4caca3659/photo_Logo.jpg,6種類の煮干しの旨みをじっくり抽出した絶品つけ麺！,こだわり抜いた6種の煮干しから抽出した旨味と醤油のキレ、背脂のコクと甘みが見事なまでに融合したスープは、小麦香る絶品手揉み麺とともに必食の逸品！,"1,310円(税込1,415円)","(税込1,415円)",醤油ラーメン
淡麗拉麺 己巳 鴨×鶏×豚出汁 昆布水つけ麺醤油,https://www.takumen.com/products/1685,https://www.takumen.com/rails/active_storage/representations/redirect/eyJfcmFpbHMiOnsibWVzc2FnZSI6IkJBaHBBMURZQ1E9PSIsImV4cCI6bnVsbCwicHVyIjoiYmxvYl9pZCJ9fQ==--c0975fdbef7dee7feae2a58bf1ccb574d1512fcd/eyJfcmFpbHMiOnsibWVzc2FnZSI6IkJBaDdCem9MWm05eWJXRjBTU0lJYW5CbkJqb0dSVlE2QzNKbGMybDZaVWtpRERRd01IZ3pNREFHT3daVSIsImV4cCI6bnVsbCwicHVyIjoidmFyaWF0aW9uIn19--ee5f3d2fe1d32a43a01abab55add07d4caca3659/photo_Logo.jpg,美味しさへの飽くなき追求！こだわり昆布水の絶品つけ麺！！,自家製の「濃厚かつお昆布水」と3種のガラと丸鶏を使った深みあるスープ！野毛の地で愛され続ける名店が放つ、淡麗な旨みを幾重にも楽しんで頂ける絶品昆布水つけ麺！,"1,500円(税込1,620円)","(税込1,620円)",醤油ラーメン
白河手打中華そば一番いちばん 中華そば,https://www.takumen.com/products/1670,https://www.takumen.com/rails/active_storage/representations/redirect/eyJfcmFpbHMiOnsibWVzc2FnZSI6IkJBaHBBd3pRQ1E9PSIsImV4cCI6bnVsbCwicHVyIjoiYmxvYl9pZCJ9fQ==--c34d817b135d6a2d10bfd328e171ed090d4cd600/eyJfcmFpbHMiOnsibWVzc2FnZSI6IkJBaDdCem9MWm05eWJXRjBTU0lJYW5CbkJqb0dSVlE2QzNKbGMybDZaVWtpRERRd01IZ3pNREFHT3daVSIsImV4cCI6bnVsbCwicHVyIjoidmFyaWF0aW9uIn19--ee5f3d2fe1d32a43a01abab55add07d4caca3659/photo_Logo.jpg,都内最強と呼び声高き「白河ラーメン」の雄が降臨！,スッキリクリアな醤油スープに、香り高き鶏油と鴨油がコクを加える。超多加水手揉み麺との相性も抜群で、有名ラーメン店主にもファンを多く持つ銘店が、10年ぶりに宅麺に登場！,"1,200円(税込1,296円)","(税込1,296円)",醤油ラーメン
【宍道湖しじみ中華蕎麦 琥珀】 しじみ中華蕎麦,https://www.takumen.com/products/1647,https://www.takumen.com/rails/active_storage/representations/redirect/eyJfcmFpbHMiOnsibWVzc2FnZSI6IkJBaHBBOVUrQ1E9PSIsImV4cCI6bnVsbCwicHVyIjoiYmxvYl9pZCJ9fQ==--bb545f252d6cbcc65f634c750a8b9d878838fcf7/eyJfcmFpbHMiOnsibWVzc2FnZSI6IkJBaDdCem9MWm05eWJXRjBTU0lJYW5CbkJqb0dSVlE2QzNKbGMybDZaVWtpRERRd01IZ3pNREFHT3daVSIsImV4cCI6bnVsbCwicHVyIjoidmFyaWF0aW9uIn19--ee5f3d2fe1d32a43a01abab55add07d4caca3659/photo_Logo.jpg,衝撃の旨味！大量のしじみを使用し、凝縮されたコハク酸をご賞味あれ,名店『麺処 ほん田』で修行を積んだ岩田氏が生み出す至高のしじみラーメン。大量のしじみを使用したスープはあっさりながら、旨みが強烈で食べる者の記憶に残り続ける一杯だ。,"1,300円(税込1,404円)","(税込1,404円)",塩ラーメン
麺家 たけ田 蟹だし濁り塩らーめん,https://www.takumen.com/products/1641,https://www.takumen.com/rails/active_storage/representations/redirect/eyJfcmFpbHMiOnsibWVzc2FnZSI6IkJBaHBBNnorQ0E9PSIsImV4cCI6bnVsbCwicHVyIjoiYmxvYl9pZCJ9fQ==--eaec48df2d5574204b7468508feef0c593cb17ca/eyJfcmFpbHMiOnsibWVzc2FnZSI6IkJBaDdCem9MWm05eWJXRjBTU0lJYW5CbkJqb0dSVlE2QzNKbGMybDZaVWtpRERRd01IZ3pNREFHT3daVSIsImV4cCI6bnVsbCwicHVyIjoidmFyaWF0aW9uIn19--ee5f3d2fe1d32a43a01abab55add07d4caca3659/photo_Logo%20(1).jpg,鳥取の名店が贈る、蟹のだしが香る絶品塩らーめん,蟹のだしが効いた白濁したスープは蟹の旨みや甘みにまろやかな塩の味わいが新しい。お店では常連さんの間で人気メニューとなっており、鳥取の新星が放つ次なる一杯に大注目だ。,500円(税込540円),(税込540円),塩ラーメン
らぁめん大山（たいざん） 噛む麺！味噌大麺,https://www.takumen.com/products/1615,https://www.takumen.com/rails/active_storage/representations/redirect/eyJfcmFpbHMiOnsibWVzc2FnZSI6IkJBaHBBMjFuQ0E9PSIsImV4cCI6bnVsbCwicHVyIjoiYmxvYl9pZCJ9fQ==--d998bc48cadf4377cb96684a702095caa304a2a6/eyJfcmFpbHMiOnsibWVzc2FnZSI6IkJBaDdCem9MWm05eWJXRjBTU0lJYW5CbkJqb0dSVlE2QzNKbGMybDZaVWtpRERRd01IZ3pNREFHT3daVSIsImV4cCI6bnVsbCwicHVyIjoidmFyaWF0aW9uIn19--ee5f3d2fe1d32a43a01abab55add07d4caca3659/photo_Logo%20(14).jpg,あの噛む麺！に味噌の旨みが加わった味噌大麺が登場！,新たな噛む麺！が遂に宅麺に登場！『最強最太』自家製麺を完璧に演出する味噌スープは濃厚ながらもゴクゴク飲めてしまう。超ド迫力の極太麺とこくウマ味噌の旨みをぜひご賞味あれ！,"1,360円(税込1,469円)","(税込1,469円)",味噌ラーメン
SHIBIRE NOODLES 蝋燭屋 汁なし担々麺,https://www.takumen.com/products/1614,https://www.takumen.com/rails/active_storage/representations/redirect/eyJfcmFpbHMiOnsibWVzc2FnZSI6IkJBaHBBMEZGQ0E9PSIsImV4cCI6bnVsbCwicHVyIjoiYmxvYl9pZCJ9fQ==--f5cd2ddde90405cccfa03be8e0d4f02580856a1b/eyJfcmFpbHMiOnsibWVzc2FnZSI6IkJBaDdCem9MWm05eWJXRjBTU0lJYW5CbkJqb0dSVlE2QzNKbGMybDZaVWtpRERRd01IZ3pNREFHT3daVSIsImV4cCI6bnVsbCwicHVyIjoidmFyaWF0aW9uIn19--ee5f3d2fe1d32a43a01abab55add07d4caca3659/photo_Logo.jpg,厳選スパイス香る、”シビれ系”汁なし担々麺！,店主がこだわって選んだ山椒を数種類ブレンドし、完璧なバランスで仕上げられた蝋燭屋（ろうそくや）の汁なし担々麺は、食べたものを”シビれ”の世界に魅了する！,"1,400円(税込1,512円)","(税込1,512円)",不明
元祖スタミナ満点らーめん すず鬼 皿ヒロシ改,https://www.takumen.com/products/1613,https://www.takumen.com/rails/active_storage/representations/redirect/eyJfcmFpbHMiOnsibWVzc2FnZSI6IkJBaHBBMnc5Q0E9PSIsImV4cCI6bnVsbCwicHVyIjoiYmxvYl9pZCJ9fQ==--34fb495c9797f3d2cac3560d47c8e1308a52bc4e/eyJfcmFpbHMiOnsibWVzc2FnZSI6IkJBaDdCem9MWm05eWJXRjBTU0lJYW5CbkJqb0dSVlE2QzNKbGMybDZaVWtpRERRd01IZ3pNREFHT3daVSIsImV4cCI6bnVsbCwicHVyIjoidmFyaWF0aW9uIn19--ee5f3d2fe1d32a43a01abab55add07d4caca3659/photo_Logo.jpg,ジャンクラーメンの伝道師が放つ、進化系皿台湾リスペクト！,ラーメンとも、汁なしとも、焼きそばとも違う新たな麺料理！日本全国に空前のスタ満ブームを巻き起こした元祖スタ満の生みの親、ジャンクオブジャンク店主が生み出す、驚愕の一杯。,"1,030円(税込1,112円)","(税込1,112円)",不明
ちょっと美味しい中華食堂 大門 鬼門ラーメン,https://www.takumen.com/products/1610,https://www.takumen.com/rails/active_storage/representations/redirect/eyJfcmFpbHMiOnsibWVzc2FnZSI6IkJBaHBBL3o1Q0E9PSIsImV4cCI6bnVsbCwicHVyIjoiYmxvYl9pZCJ9fQ==--3250b5c991f642d51a66701799d898f97b285a44/eyJfcmFpbHMiOnsibWVzc2FnZSI6IkJBaDdCem9MWm05eWJXRjBTU0lJYW5CbkJqb0dSVlE2QzNKbGMybDZaVWtpRERRd01IZ3pNREFHT3daVSIsImV4cCI6bnVsbCwicHVyIjoidmFyaWF0aW9uIn19--ee5f3d2fe1d32a43a01abab55add07d4caca3659/photo_Logo%20(29).jpg,最大レベルの旨辛極上スープ！全国の辛党が頷く極上の一杯。,定番メニューの大門ラーメンが「辛く」そして「さらに旨く」進化して登場。全国の辛党も満足できるようなしっかりとした辛さと、重厚な旨味を、自慢の自家製麺がしっかりと絡めあげる。,"1,150円(税込1,242円)","(税込1,242円)",不明
ちょっと美味しい中華食堂 大門 大門ラーメン,https://www.takumen.com/products/1609,https://www.takumen.com/rails/active_storage/representations/redirect/eyJfcmFpbHMiOnsibWVzc2FnZSI6IkJBaHBBeWxaQ0E9PSIsImV4cCI6bnVsbCwicHVyIjoiYmxvYl9pZCJ9fQ==--13f4741cf71f7d51245d02b8bbe4da5c58a1537b/eyJfcmFpbHMiOnsibWVzc2FnZSI6IkJBaDdCem9MWm05eWJXRjBTU0lJYW5CbkJqb0dSVlE2QzNKbGMybDZaVWtpRERRd01IZ3pNREFHT3daVSIsImV4cCI6bnVsbCwicHVyIjoidmFyaWF0aW9uIn19--ee5f3d2fe1d32a43a01abab55add07d4caca3659/photo_Logo%20(13).jpg,埼玉県・川越市の隠れた名店。濃厚な豚骨と魚介の旨味を体験せよ！,こだわりの自家製麺にしっかりまとわりつくスープ。豚骨、鶏ガラベースに、重厚な魚介の旨さが加わった、コクと旨味を堪能できる一杯。,"1,000円(税込1,080円)","(税込1,080円)",豚骨ラーメン
麺屋わしわ 黄金の塩ラーメン,https://www.takumen.com/products/1603,https://www.takumen.com/rails/active_storage/representations/redirect/eyJfcmFpbHMiOnsibWVzc2FnZSI6IkJBaHBBNHhuQ0E9PSIsImV4cCI6bnVsbCwicHVyIjoiYmxvYl9pZCJ9fQ==--211a6b83ce7a6829744f1f9979b134a5b342bd95/eyJfcmFpbHMiOnsibWVzc2FnZSI6IkJBaDdCem9MWm05eWJXRjBTU0lJYW5CbkJqb0dSVlE2QzNKbGMybDZaVWtpRERRd01IZ3pNREFHT3daVSIsImV4cCI6bnVsbCwicHVyIjoidmFyaWF0aW9uIn19--ee5f3d2fe1d32a43a01abab55add07d4caca3659/photo_Logo%20(15).jpg,素材や製法全てにこだわりがつまった、味わい深い塩ラーメン,燻製を施した塩ダレにこだわりの素材から取ったダシを合わせたスープ！そこに麺肌滑らかな特注麺を使用し上品に仕上がっている一杯は、見た目、味ともまさに「黄金」！,"1,100円(税込1,188円)","(税込1,188円)",塩ラーメン
ラーメン富士丸 元祖ブタカスアブラ富士丸（カラメ付き）,https://www.takumen.com/products/1602,https://www.takumen.com/rails/active_storage/representations/redirect/eyJfcmFpbHMiOnsibWVzc2FnZSI6IkJBaHBBNTFKQ0E9PSIsImV4cCI6bnVsbCwicHVyIjoiYmxvYl9pZCJ9fQ==--976a2f34b4e52db4028edc764eb6c2a3fadd3786/eyJfcmFpbHMiOnsibWVzc2FnZSI6IkJBaDdCem9MWm05eWJXRjBTU0lJYW5CbkJqb0dSVlE2QzNKbGMybDZaVWtpRERRd01IZ3pNREFHT3daVSIsImV4cCI6bnVsbCwicHVyIjoidmFyaWF0aW9uIn19--ee5f3d2fe1d32a43a01abab55add07d4caca3659/photo_Logo.jpg,暴力的な豚の旨味を凝縮した、最凶の一杯！,富士丸系ラーメンの元祖である『ラーメン富士丸』が宅麺に！自家製の平打ち太ちぢれ麺は、1日寝かせたゴワゴワ系の麺と当日作った小麦の香りの強い麺をブレンド。野菜の甘みや豚の旨味が驚くほど凝縮されたスープは、中毒性の高い一杯となっている！,"1,580円(税込1,706円)","(税込1,706円)",不明
らーめん一二三家 とんこつ醤油ラーメン,https://www.takumen.com/products/1598,https://www.takumen.com/rails/active_storage/representations/redirect/eyJfcmFpbHMiOnsibWVzc2FnZSI6IkJBaHBBMnprQnc9PSIsImV4cCI6bnVsbCwicHVyIjoiYmxvYl9pZCJ9fQ==--6fede6b23c8548dfc86a5cb6132138a4401b4418/eyJfcmFpbHMiOnsibWVzc2FnZSI6IkJBaDdCem9MWm05eWJXRjBTU0lJYW5CbkJqb0dSVlE2QzNKbGMybDZaVWtpRERRd01IZ3pNREFHT3daVSIsImV4cCI6bnVsbCwicHVyIjoidmFyaWF0aW9uIn19--ee5f3d2fe1d32a43a01abab55add07d4caca3659/photo_Logo.jpg,思わず飲み干したくなる、ハイレベルマイルド家系！,豚骨と醤油の絶妙なバランスを感じ取ることができるスープに、たくさんのこだわりが詰め込まれた至高の自家製麺。力強くも優しい一二三家のラーメンは、好みによらず必食だ。,"1,080円(税込1,166円)","(税込1,166円)",豚骨ラーメン
札幌豚研究所 カムイの豚?醤油?,https://www.takumen.com/products/1597,https://www.takumen.com/rails/active_storage/representations/redirect/eyJfcmFpbHMiOnsibWVzc2FnZSI6IkJBaHBBNmphQnc9PSIsImV4cCI6bnVsbCwicHVyIjoiYmxvYl9pZCJ9fQ==--28d5e062221333798c91097f5d338860eb4a7ec2/eyJfcmFpbHMiOnsibWVzc2FnZSI6IkJBaDdCem9MWm05eWJXRjBTU0lJYW5CbkJqb0dSVlE2QzNKbGMybDZaVWtpRERRd01IZ3pNREFHT3daVSIsImV4cCI6bnVsbCwicHVyIjoidmFyaWF0aW9uIn19--ee5f3d2fe1d32a43a01abab55add07d4caca3659/photo_Logo%20(6).jpg,まるで荒神？衝撃の二郎インスパイアin北海道,しょっぱうまなスープに浸されたワシモチ食感の麺、アブラが絡んだ野菜に乗るのは分厚い味染みチャーシュー。容赦の全くない旨さで道民の舌を唸らせる！,"1,300円(税込1,404円)","(税込1,404円)",不明
麺屋HERO ラーメン,https://www.takumen.com/products/1585,https://www.takumen.com/rails/active_storage/representations/redirect/eyJfcmFpbHMiOnsibWVzc2FnZSI6IkJBaHBBeEdOQnc9PSIsImV4cCI6bnVsbCwicHVyIjoiYmxvYl9pZCJ9fQ==--91c20fece923f50ee41cb62526645b134917c318/eyJfcmFpbHMiOnsibWVzc2FnZSI6IkJBaDdCem9MWm05eWJXRjBTU0lJYW5CbkJqb0dSVlE2QzNKbGMybDZaVWtpRERRd01IZ3pNREFHT3daVSIsImV4cCI6bnVsbCwicHVyIjoidmFyaWF0aW9uIn19--ee5f3d2fe1d32a43a01abab55add07d4caca3659/photo_Logo%20(2).jpg,TRY新店とんこつ部門1位のニューヒーローが宅麺に登場！,オープン前から話題騒然！以来、絶大な人気を誇る「麺屋HERO」が宅麺に堂々登場。コクと旨味が凝縮した濃密な乳化スープとオーション香る自家製麺の贅沢な味わいをご家庭でも。,"1,250円(税込1,350円)","(税込1,350円)",豚骨ラーメン
超ごってり麺 ごっつ タン二郎,https://www.takumen.com/products/1584,https://www.takumen.com/rails/active_storage/representations/redirect/eyJfcmFpbHMiOnsibWVzc2FnZSI6IkJBaHBBMnhEQ0E9PSIsImV4cCI6bnVsbCwicHVyIjoiYmxvYl9pZCJ9fQ==--02ae60f15fe6419b6a60510aa261e293d1c41d6b/eyJfcmFpbHMiOnsibWVzc2FnZSI6IkJBaDdCem9MWm05eWJXRjBTU0lJYW5CbkJqb0dSVlE2QzNKbGMybDZaVWtpRERRd01IZ3pNREFHT3daVSIsImV4cCI6bnVsbCwicHVyIjoidmFyaWF0aW9uIn19--ee5f3d2fe1d32a43a01abab55add07d4caca3659/photo_Logo%20(10).jpg,強烈な背脂とジューシーな極旨タン下チャーシューが織り成す究極の一杯！,背脂の甘みを、キリッとした醤油で塩辛く締められたスープ。そこに加わるのはジューシーかつほどけるようなタン下チャーシュー。想像すらできないこのオンリーワンな一杯を体験しよう。,"1,280円(税込1,382円)","(税込1,382円)",塩ラーメン
超ごってり麺 ごっつ ごってりしょうゆラーメン,https://www.takumen.com/products/1583,https://www.takumen.com/rails/active_storage/representations/redirect/eyJfcmFpbHMiOnsibWVzc2FnZSI6IkJBaHBBd1pMQnc9PSIsImV4cCI6bnVsbCwicHVyIjoiYmxvYl9pZCJ9fQ==--7a5c184012d834c141bee86721c5463727453f0a/eyJfcmFpbHMiOnsibWVzc2FnZSI6IkJBaDdCem9MWm05eWJXRjBTU0lJYW5CbkJqb0dSVlE2QzNKbGMybDZaVWtpRERRd01IZ3pNREFHT3daVSIsImV4cCI6bnVsbCwicHVyIjoidmFyaWF0aW9uIn19--ee5f3d2fe1d32a43a01abab55add07d4caca3659/photo_Logo%20(2).jpg,「ごっつ＆宅麺」タッグの10周年限定商品！,スペシャルな「ごってり」を、皆さんに感謝を込めてスペシャルな価格で。さあ、キリッと醤油・超ごってりなスープにあなたも溺れてしまおう。,888円(税込959円),(税込959円),醤油ラーメン
ハイパーファットン 汁なしスッパメン,https://www.takumen.com/products/1580,https://www.takumen.com/rails/active_storage/representations/redirect/eyJfcmFpbHMiOnsibWVzc2FnZSI6IkJBaHBBNzlGQnc9PSIsImV4cCI6bnVsbCwicHVyIjoiYmxvYl9pZCJ9fQ==--369c5ce899da360d7426529c79486205d558e5c1/eyJfcmFpbHMiOnsibWVzc2FnZSI6IkJBaDdCem9MWm05eWJXRjBTU0lJYW5CbkJqb0dSVlE2QzNKbGMybDZaVWtpRERRd01IZ3pNREFHT3daVSIsImV4cCI6bnVsbCwicHVyIjoidmFyaWF0aW9uIn19--ee5f3d2fe1d32a43a01abab55add07d4caca3659/photo_Logo%20(1).jpg,中毒者続出！最強の次世代“汁なし”「スッパメン」,高級ポン酢の酸味に醤油とラードの旨味が融合したタレは、こってり爽やかな味わい。極太縮れ麺とフライドオニオンの食感に、唐辛子の風味など分厚い味の層が重なり合い中毒性抜群！,"1,350円(税込1,458円)","(税込1,458円)",醤油ラーメン
ラーメン札幌一粒庵 辛い。熱い。旨い。【マーボーラーメン】,https://www.takumen.com/products/1576,https://www.takumen.com/rails/active_storage/representations/redirect/eyJfcmFpbHMiOnsibWVzc2FnZSI6IkJBaHBBMzF1Qnc9PSIsImV4cCI6bnVsbCwicHVyIjoiYmxvYl9pZCJ9fQ==--a1bc18272eacb32d44696f12a20a820ca9d5d22f/eyJfcmFpbHMiOnsibWVzc2FnZSI6IkJBaDdCem9MWm05eWJXRjBTU0lJYW5CbkJqb0dSVlE2QzNKbGMybDZaVWtpRERRd01IZ3pNREFHT3daVSIsImV4cCI6bnVsbCwicHVyIjoidmFyaWF0aW9uIn19--ee5f3d2fe1d32a43a01abab55add07d4caca3659/photo_Logo.jpg,春雨入りで新食感！札幌の行列店が放つマーボーラーメン！,味噌ラーメンの本場であり激戦区である北海道・札幌で随一の人気を誇る名店・一粒庵。地産地消にこだわった濃厚な味噌スープに、スパイシーなマーボーが絡んだ辛旨な一杯だ！,"1,181円(税込1,275円)","(税込1,275円)",味噌ラーメン
つじ田 濃厚つけ麺,https://www.takumen.com/products/1574,https://www.takumen.com/rails/active_storage/representations/redirect/eyJfcmFpbHMiOnsibWVzc2FnZSI6IkJBaHBBOGxlQnc9PSIsImV4cCI6bnVsbCwicHVyIjoiYmxvYl9pZCJ9fQ==--1751c0fa03e3d74554a03003c4b2392acc6eadd8/eyJfcmFpbHMiOnsibWVzc2FnZSI6IkJBaDdCem9MWm05eWJXRjBTU0lJYW5CbkJqb0dSVlE2QzNKbGMybDZaVWtpRERRd01IZ3pNREFHT3daVSIsImV4cCI6bnVsbCwicHVyIjoidmFyaWF0aW9uIn19--ee5f3d2fe1d32a43a01abab55add07d4caca3659/photo_logo.jpg,東京のつけ麺文化を牽引する人気店の濃厚つけ麺が登場！,東京を中心に展開する人気のつけ麺店、つじ田。厳選素材を使用した濃厚な豚骨魚介のスープに、三河屋製麺と共同開発した特注麺が織りなす最高の味わいを、ご自宅で堪能してほしい。,"1,150円(税込1,242円)","(税込1,242円)",豚骨ラーメン
戸越らーめん えにし 醤油ラーメン　松（3種のチャーシュー付）,https://www.takumen.com/products/1565,https://www.takumen.com/rails/active_storage/representations/redirect/eyJfcmFpbHMiOnsibWVzc2FnZSI6IkJBaHBBM0dxQmc9PSIsImV4cCI6bnVsbCwicHVyIjoiYmxvYl9pZCJ9fQ==--65d6b1c42e3bc3d9b4baa65cc98f34642c3b560a/eyJfcmFpbHMiOnsibWVzc2FnZSI6IkJBaDdCem9MWm05eWJXRjBTU0lJYW5CbkJqb0dSVlE2QzNKbGMybDZaVWtpRERRd01IZ3pNREFHT3daVSIsImV4cCI6bnVsbCwicHVyIjoidmFyaWF0aW9uIn19--ee5f3d2fe1d32a43a01abab55add07d4caca3659/photo_Logo-.jpg,こだわり素材の旨味！優しい味わいのネオクラシカル中華そば,国産小麦をブレンドした中細ストレート麺が、厳選素材の旨味溢れる上品なスープと芳醇な醤油の香りに馴染む。昔ながらの優しい味わいが、長年地元で愛される名店の味。,"1,400円(税込1,512円)","(税込1,512円)",醤油ラーメン
中華蕎麦 瑞山 しおそば,https://www.takumen.com/products/1564,https://www.takumen.com/rails/active_storage/representations/redirect/eyJfcmFpbHMiOnsibWVzc2FnZSI6IkJBaHBBKzNPQmc9PSIsImV4cCI6bnVsbCwicHVyIjoiYmxvYl9pZCJ9fQ==--26975ee18587f6b874681c6de16acf25431f4741/eyJfcmFpbHMiOnsibWVzc2FnZSI6IkJBaDdCem9MWm05eWJXRjBTU0lJYW5CbkJqb0dSVlE2QzNKbGMybDZaVWtpRERRd01IZ3pNREFHT3daVSIsImV4cCI6bnVsbCwicHVyIjoidmFyaWF0aW9uIn19--ee5f3d2fe1d32a43a01abab55add07d4caca3659/photo_Logo-.jpg,鶏香る、類稀なハイレベル淡麗系清湯塩ラーメン！,黄金色に輝くクリアな鶏スープは、すっきりした口当たりにして、驚きのうまみと深みを誇る！細ストレート麺が心地よく絡み、啜り心地も秀逸だ。埼玉県朝霞市の名店がついに降臨！,"1,000円(税込1,080円)","(税込1,080円)",塩ラーメン
函館麺や 一文字 函館本店 塩らーめん,https://www.takumen.com/products/1561,https://www.takumen.com/rails/active_storage/representations/redirect/eyJfcmFpbHMiOnsibWVzc2FnZSI6IkJBaHBBL1diQmc9PSIsImV4cCI6bnVsbCwicHVyIjoiYmxvYl9pZCJ9fQ==--b60685735d516272181f95d9fece8fd921a5f45b/eyJfcmFpbHMiOnsibWVzc2FnZSI6IkJBaDdCem9MWm05eWJXRjBTU0lJYW5CbkJqb0dSVlE2QzNKbGMybDZaVWtpRERRd01IZ3pNREFHT3daVSIsImV4cCI6bnVsbCwicHVyIjoidmFyaWF0aW9uIn19--ee5f3d2fe1d32a43a01abab55add07d4caca3659/photo_Logo-.jpg,昔ながらの味から進化した、旨味たっぷり函館塩ラーメン,丸鶏・鶏ガラと高級昆布をふんだんに使用し、鶏の旨味と海の旨味が相まった黄金スープ。雑味がなく、コクがあるのにあっさりしており、じわーっと広がる旨味に酔いしれ完飲必至。,"1,020円(税込1,102円)","(税込1,102円)",塩ラーメン
葫 つけ麺しお,https://www.takumen.com/products/1560,https://www.takumen.com/rails/active_storage/representations/redirect/eyJfcmFpbHMiOnsibWVzc2FnZSI6IkJBaHBBeTZ3Qmc9PSIsImV4cCI6bnVsbCwicHVyIjoiYmxvYl9pZCJ9fQ==--405a3d030eebd39938fe18ac4431101a93d92f45/eyJfcmFpbHMiOnsibWVzc2FnZSI6IkJBaDdCem9MWm05eWJXRjBTU0lJYW5CbkJqb0dSVlE2QzNKbGMybDZaVWtpRERRd01IZ3pNREFHT3daVSIsImV4cCI6bnVsbCwicHVyIjoidmFyaWF0aW9uIn19--ee5f3d2fe1d32a43a01abab55add07d4caca3659/photo_Logo-.jpg,ニンニクの旨味をがっつり絡めて！濃厚ベジポタ塩つけめん,動物出汁のコクと塩の旨味に、タマネギなどの根菜の甘味が溶け出したクリーミーな濃厚ポタージュスープを絡め取る中太麺。中毒性抜群なニンニクの香りの虜になること間違いなし。,"1,130円(税込1,220円)","(税込1,220円)",塩ラーメン
けやき すすきの本店 味噌ラーメン,https://www.takumen.com/products/1558,https://www.takumen.com/rails/active_storage/representations/redirect/eyJfcmFpbHMiOnsibWVzc2FnZSI6IkJBaHBBMHlhQmc9PSIsImV4cCI6bnVsbCwicHVyIjoiYmxvYl9pZCJ9fQ==--2057cecf1abbe78b766a2467ce7d61c22a29e483/eyJfcmFpbHMiOnsibWVzc2FnZSI6IkJBaDdCem9MWm05eWJXRjBTU0lJYW5CbkJqb0dSVlE2QzNKbGMybDZaVWtpRERRd01IZ3pNREFHT3daVSIsImV4cCI6bnVsbCwicHVyIjoidmFyaWF0aW9uIn19--ee5f3d2fe1d32a43a01abab55add07d4caca3659/photo_Logo-.jpg,甘み、旨み、辛みが一体となった、これぞ名店の札幌味噌麺！,札幌すすきのの激戦区において、長年行列を絶やすことのない名店。こだわりの素材を丹念に調理し懐かしく、新しい味わい。ちぢれ麺が、濃厚な味噌スープによく絡む、渾身の一杯！,"1,150円(税込1,242円)","(税込1,242円)",味噌ラーメン
釧路ラーメン 河むら 醤油ラーメン,https://www.takumen.com/products/1556,https://www.takumen.com/rails/active_storage/representations/redirect/eyJfcmFpbHMiOnsibWVzc2FnZSI6IkJBaHBBOXVZQmc9PSIsImV4cCI6bnVsbCwicHVyIjoiYmxvYl9pZCJ9fQ==--9986f836e456e1d5df20a5d1a0a0a348a41d2ebe/eyJfcmFpbHMiOnsibWVzc2FnZSI6IkJBaDdCem9MWm05eWJXRjBTU0lJYW5CbkJqb0dSVlE2QzNKbGMybDZaVWtpRERRd01IZ3pNREFHT3daVSIsImV4cCI6bnVsbCwicHVyIjoidmFyaWF0aW9uIn19--ee5f3d2fe1d32a43a01abab55add07d4caca3659/photo_Logo-.jpg,昭和初期から続く、さっぱりと食べやすい釧路ラーメン！,魚介香るスープに、まろやかな醤油タレが全体を引き締め、手揉みされた細麺が絡みつく、シンプルで毎日食べても飽きない味。ミシュランガイドにも掲載された正統派醤油ラーメンだ。,"1,100円(税込1,188円)","(税込1,188円)",醤油ラーメン
むぎとオリーブ 鶏SOBA,https://www.takumen.com/products/1555,https://www.takumen.com/rails/active_storage/representations/redirect/eyJfcmFpbHMiOnsibWVzc2FnZSI6IkJBaHBBemFTQmc9PSIsImV4cCI6bnVsbCwicHVyIjoiYmxvYl9pZCJ9fQ==--b0c9def6bc226d6d23560b697cb4da028914288f/eyJfcmFpbHMiOnsibWVzc2FnZSI6IkJBaDdCem9MWm05eWJXRjBTU0lJYW5CbkJqb0dSVlE2QzNKbGMybDZaVWtpRERRd01IZ3pNREFHT3daVSIsImV4cCI6bnVsbCwicHVyIjoidmFyaWF0aW9uIn19--ee5f3d2fe1d32a43a01abab55add07d4caca3659/photo_Logo-.jpg,3年連続ミシュランガイドのビブグルマンに認定された超名店,大山どりを大量に使った黄金スープと老舗醤油を最適にブレンドした一杯。スープのコクと醤油のキレに加わる鶏油の香りが、コシのある細麺に絡みつき、啜る度に至極のひと時を感じる。,"1,300円(税込1,404円)","(税込1,404円)",醤油ラーメン
ラーメンししょう 麻婆麺,https://www.takumen.com/products/1553,https://www.takumen.com/rails/active_storage/representations/redirect/eyJfcmFpbHMiOnsibWVzc2FnZSI6IkJBaHBBN1Z2Qmc9PSIsImV4cCI6bnVsbCwicHVyIjoiYmxvYl9pZCJ9fQ==--7e9b2d062e31cbd8f51fde44d29805de9884524c/eyJfcmFpbHMiOnsibWVzc2FnZSI6IkJBaDdCem9MWm05eWJXRjBTU0lJYW5CbkJqb0dSVlE2QzNKbGMybDZaVWtpRERRd01IZ3pNREFHT3daVSIsImV4cCI6bnVsbCwicHVyIjoidmFyaWF0aW9uIn19--ee5f3d2fe1d32a43a01abab55add07d4caca3659/photo_Logo-.jpg,ラーメン界の異端児が放つ、インスタ映えナンバーワン麻婆麺,最高レベルの濃度と粘度を誇るスープにネットリと絡みつく、浅草開化楼の極太麺。コアなファンが集う柏の郊外に位置する名店の味を、自宅で自由にアレンジしてお楽しみください！,500円(税込540円),(税込540円),不明
山形　煮干中華蕎麦あらた シンチャンラーメン,https://www.takumen.com/products/1552,https://www.takumen.com/rails/active_storage/representations/redirect/eyJfcmFpbHMiOnsibWVzc2FnZSI6IkJBaHBBOXViQmc9PSIsImV4cCI6bnVsbCwicHVyIjoiYmxvYl9pZCJ9fQ==--c22b780182669b37a9108af8493b09bb47628fe9/eyJfcmFpbHMiOnsibWVzc2FnZSI6IkJBaDdCem9MWm05eWJXRjBTU0lJYW5CbkJqb0dSVlE2QzNKbGMybDZaVWtpRERRd01IZ3pNREFHT3daVSIsImV4cCI6bnVsbCwicHVyIjoidmFyaWF0aW9uIn19--ee5f3d2fe1d32a43a01abab55add07d4caca3659/photo_Logo-.jpg,日本のラーメン大国・山形王道の煮干手揉み中華そば！,6種の煮干しを使用したコクのあるスープはガッツリと効かせた煮干しの旨みをもたらす。ビシッと決まった醤油のキレ、そして一番の特徴でもあるピロピロとした手揉み麺！,"1,210円(税込1,307円)","(税込1,307円)",醤油ラーメン
ラーメン家 みつ葉 the second 豚CHIKIしおラーメン,https://www.takumen.com/products/1551,https://www.takumen.com/rails/active_storage/representations/redirect/eyJfcmFpbHMiOnsibWVzc2FnZSI6IkJBaHBBeHQ1Qmc9PSIsImV4cCI6bnVsbCwicHVyIjoiYmxvYl9pZCJ9fQ==--0fb2f17e3baee3776aa23b6552e9b3b091b552a1/eyJfcmFpbHMiOnsibWVzc2FnZSI6IkJBaDdCem9MWm05eWJXRjBTU0lJYW5CbkJqb0dSVlE2QzNKbGMybDZaVWtpRERRd01IZ3pNREFHT3daVSIsImV4cCI6bnVsbCwicHVyIjoidmFyaWF0aW9uIn19--ee5f3d2fe1d32a43a01abab55add07d4caca3659/photo_Logo-.jpg,ふんわり軽く味わい深い！ド直球に旨味感じる泡系塩ラーメン,丁寧に抽出された鶏と豚の旨味に、塩の奥深い味わいが加わった極上スープ。弾力と喉越しの良さが抜群な超多加水麺の小麦の香りとエスプーマの風味が、噛む度に心地よく混ざり合う。,"1,150円(税込1,242円)","(税込1,242円)",塩ラーメン
豚星。 辛麺,https://www.takumen.com/products/1549,https://www.takumen.com/rails/active_storage/representations/redirect/eyJfcmFpbHMiOnsibWVzc2FnZSI6IkJBaHBBOWh2Qmc9PSIsImV4cCI6bnVsbCwicHVyIjoiYmxvYl9pZCJ9fQ==--d5e371e7e443f6b4acefd160d76d633cb70d4ac8/eyJfcmFpbHMiOnsibWVzc2FnZSI6IkJBaDdCem9MWm05eWJXRjBTU0lJYW5CbkJqb0dSVlE2QzNKbGMybDZaVWtpRERRd01IZ3pNREFHT3daVSIsImV4cCI6bnVsbCwicHVyIjoidmFyaWF0aW9uIn19--ee5f3d2fe1d32a43a01abab55add07d4caca3659/photo_Logo-.jpg,全国トップクラスの二郎インスパイアから、辛麺登場！,店舗での人気の高く、中毒性が更に高いとされる「辛麺」が遂に登場！キリッと決まったカネシ醤油に、豚の旨味をたっぷりとまとった微乳化スープへ、刺すような辛味が加わった最強の逸品！,"1,308円(税込1,413円)","(税込1,413円)",醤油ラーメン
ラーメン加藤 特濃A級豚骨ラーメン,https://www.takumen.com/products/1546,https://www.takumen.com/rails/active_storage/representations/redirect/eyJfcmFpbHMiOnsibWVzc2FnZSI6IkJBaHBBK05ZQmc9PSIsImV4cCI6bnVsbCwicHVyIjoiYmxvYl9pZCJ9fQ==--d444bb0764845a6734b787b13785bd54177ec630/eyJfcmFpbHMiOnsibWVzc2FnZSI6IkJBaDdCem9MWm05eWJXRjBTU0lJYW5CbkJqb0dSVlE2QzNKbGMybDZaVWtpRERRd01IZ3pNREFHT3daVSIsImV4cCI6bnVsbCwicHVyIjoidmFyaWF0aW9uIn19--ee5f3d2fe1d32a43a01abab55add07d4caca3659/photo_Logo-.jpg,旨味、徹底濃縮！自家製麺に絡んで離れない特濃豚骨スープ,強烈な旨味を放つ特濃豚骨スープは、クリーミーながらも後味さっぱり。力強い弾力と歯切れ良さの自家製麺との相性は抜群。噛むほどに風味が拡張し、口の中で心地よい融合を遂げる。,"1,250円(税込1,350円)","(税込1,350円)",豚骨ラーメン
ハイパーファットン ラーメン,https://www.takumen.com/products/1537,https://www.takumen.com/rails/active_storage/representations/redirect/eyJfcmFpbHMiOnsibWVzc2FnZSI6IkJBaHBBMnhHQmc9PSIsImV4cCI6bnVsbCwicHVyIjoiYmxvYl9pZCJ9fQ==--f8723c5cb6d1ad91f55f2cbd2a1a6f6b34fa53cb/eyJfcmFpbHMiOnsibWVzc2FnZSI6IkJBaDdCem9MWm05eWJXRjBTU0lJYW5CbkJqb0dSVlE2QzNKbGMybDZaVWtpRERRd01IZ3pNREFHT3daVSIsImV4cCI6bnVsbCwicHVyIjoidmFyaWF0aW9uIn19--ee5f3d2fe1d32a43a01abab55add07d4caca3659/photo_Logo-.jpg,"豚と鶏のハイブリッドな旨味！唯一無二の""F系""ラーメン",圧力寸胴で炊き上げた豚と鶏のマイルドな旨味が特徴の濃厚乳化スープが絡む、平打ちストレート麺。しっとりと肉々しい豚は食べ応え抜群。これぞハイパーな進化を遂げたF系の神髄！,"1,200円(税込1,296円)","(税込1,296円)",不明
花鳥風月 海老ワンタンメン,https://www.takumen.com/products/1532,https://www.takumen.com/rails/active_storage/representations/redirect/eyJfcmFpbHMiOnsibWVzc2FnZSI6IkJBaHBBNkx3QlE9PSIsImV4cCI6bnVsbCwicHVyIjoiYmxvYl9pZCJ9fQ==--e720c797b99bca95fa150070d66b599cbca22320/eyJfcmFpbHMiOnsibWVzc2FnZSI6IkJBaDdCem9MWm05eWJXRjBTU0lJYW5CbkJqb0dSVlE2QzNKbGMybDZaVWtpRERRd01IZ3pNREFHT3daVSIsImV4cCI6bnVsbCwicHVyIjoidmFyaWF0aW9uIn19--ee5f3d2fe1d32a43a01abab55add07d4caca3659/photo_Logo-.jpg,世界も唸った酒田の歴史！海老ワンタンとちぢれ麺の極上食感,透き通る魚介スープのすっきりとした旨味は、庄内地方で歴史を紡いできた酒田ラーメンの真骨頂！ふわプリ海老ワンタンともっちりちぢれ麺の美味さと食感が抜群な満足感を誇る一杯。,"980円(税込1,058円)","(税込1,058円)",不明
秋刀魚だし黒船 秋刀魚だしラーメン醤油,https://www.takumen.com/products/1527,https://www.takumen.com/rails/active_storage/representations/redirect/eyJfcmFpbHMiOnsibWVzc2FnZSI6IkJBaHBBL1g3QlE9PSIsImV4cCI6bnVsbCwicHVyIjoiYmxvYl9pZCJ9fQ==--3214d663f3eedc996a67686f34161e42f3ea0aed/eyJfcmFpbHMiOnsibWVzc2FnZSI6IkJBaDdCem9MWm05eWJXRjBTU0lJYW5CbkJqb0dSVlE2QzNKbGMybDZaVWtpRERRd01IZ3pNREFHT3daVSIsImV4cCI6bnVsbCwicHVyIjoidmFyaWF0aW9uIn19--ee5f3d2fe1d32a43a01abab55add07d4caca3659/photo_Logo-.jpg,秋刀魚だしが体に染み渡る！品のあるハイクオリティな味わい,秋刀魚と地鶏の出汁が効いた優しい黄金スープと、つるっと喉越しの良い自家製麺との親和性が抜群。震災を乗り越え、復興に向けて地域を引っ張っていく岩手県大船渡を代表する名店。,"950円(税込1,026円)","(税込1,026円)",不明
中華そば勝本 中華そば,https://www.takumen.com/products/1524,https://www.takumen.com/rails/active_storage/representations/redirect/eyJfcmFpbHMiOnsibWVzc2FnZSI6IkJBaHBBOC9sQlE9PSIsImV4cCI6bnVsbCwicHVyIjoiYmxvYl9pZCJ9fQ==--4fa56524f85154cce85224d72b63891f0d3a1117/eyJfcmFpbHMiOnsibWVzc2FnZSI6IkJBaDdCem9MWm05eWJXRjBTU0lJYW5CbkJqb0dSVlE2QzNKbGMybDZaVWtpRERRd01IZ3pNREFHT3daVSIsImV4cCI6bnVsbCwicHVyIjoidmFyaWF0aW9uIn19--ee5f3d2fe1d32a43a01abab55add07d4caca3659/photo_Logo-.jpg,超行列！昔ながらの中華そばを現代風にアレンジ！,東京・水道橋に行列をなす名店が贈る中華そば。鶏や豚、魚介と素材一つひとつの最適な温度帯で出汁をとっており、まろみのある優しい味わいが心をくすぐる。,"1,512円(税込1,633円)","(税込1,633円)",不明
荻窪中華そば　春木屋 油そば,https://www.takumen.com/products/1523,https://www.takumen.com/rails/active_storage/representations/redirect/eyJfcmFpbHMiOnsibWVzc2FnZSI6IkJBaHBBMzdsQlE9PSIsImV4cCI6bnVsbCwicHVyIjoiYmxvYl9pZCJ9fQ==--e6541b6761f92fb59ce7ab65bfd7e46e30f910ca/eyJfcmFpbHMiOnsibWVzc2FnZSI6IkJBaDdCem9MWm05eWJXRjBTU0lJYW5CbkJqb0dSVlE2QzNKbGMybDZaVWtpRERRd01IZ3pNREFHT3daVSIsImV4cCI6bnVsbCwicHVyIjoidmFyaWF0aW9uIn19--ee5f3d2fe1d32a43a01abab55add07d4caca3659/photo_Logo-.jpg,老若男女から愛される老舗「春木屋」より、油そばが新登場！,あまじょっぱい醤油の味が食欲をそそり、「これぞ春木屋！」という丸い断面のもっちりとした麺を存分に堪能出来る逸品！正統派醤油ラーメンをジャンクに仕上げた一杯は必食だ！,"1,050円(税込1,134円)","(税込1,134円)",醤油ラーメン
麺屋くまがい 濃厚塩鶏そば,https://www.takumen.com/products/1518,https://www.takumen.com/rails/active_storage/representations/redirect/eyJfcmFpbHMiOnsibWVzc2FnZSI6IkJBaHBBeVA4QlE9PSIsImV4cCI6bnVsbCwicHVyIjoiYmxvYl9pZCJ9fQ==--b9efd949a8f6a828736c37c797880d89981b3029/eyJfcmFpbHMiOnsibWVzc2FnZSI6IkJBaDdCem9MWm05eWJXRjBTU0lJYW5CbkJqb0dSVlE2QzNKbGMybDZaVWtpRERRd01IZ3pNREFHT3daVSIsImV4cCI6bnVsbCwicHVyIjoidmFyaWF0aW9uIn19--ee5f3d2fe1d32a43a01abab55add07d4caca3659/photo_Logo-.jpg,まるでポタージュ!?極限まで旨味を絞り尽くした濃厚鶏白湯,丁寧に工程を重ねて抽出し尽くした濃厚な鶏の旨味が、歯切れよい特製自家製麺と絡み合う。まろやかでキレのいい魅惑のポタージュスープを一度口にすれば、完飲せずにはいられない。,"1,180円(税込1,274円)","(税込1,274円)",豚骨ラーメン
ホットエアー 極み塩,https://www.takumen.com/products/1509,https://www.takumen.com/rails/active_storage/representations/redirect/eyJfcmFpbHMiOnsibWVzc2FnZSI6IkJBaHBBM3h0QlE9PSIsImV4cCI6bnVsbCwicHVyIjoiYmxvYl9pZCJ9fQ==--847248611f813acbb31c53662405a4a3aba389d9/eyJfcmFpbHMiOnsibWVzc2FnZSI6IkJBaDdCem9MWm05eWJXRjBTU0lJYW5CbkJqb0dSVlE2QzNKbGMybDZaVWtpRERRd01IZ3pNREFHT3daVSIsImV4cCI6bnVsbCwicHVyIjoidmFyaWF0aW9uIn19--ee5f3d2fe1d32a43a01abab55add07d4caca3659/photo_Logo-.jpg,中古車販売店がミシュランガイドに！無化調系淡麗ラーメン！,ミシュランガイドのビブグルマンにも選出されている鳥取の名店。ラーメン好き店主が無化調にこだわり厳選素材を多用し重奏を奏でる奇跡の一杯。鶏の旨味たっぷりな味わいだ！,"1,094円(税込1,182円)","(税込1,182円)",不明
中華蕎麦 とみ田 元祖 特製もりそば,https://www.takumen.com/products/1501,https://www.takumen.com/rails/active_storage/representations/redirect/eyJfcmFpbHMiOnsibWVzc2FnZSI6IkJBaHBBeEgvQlE9PSIsImV4cCI6bnVsbCwicHVyIjoiYmxvYl9pZCJ9fQ==--5b3a5396adba5fc6b066c0bbfdaafc27e924bede/eyJfcmFpbHMiOnsibWVzc2FnZSI6IkJBaDdCem9MWm05eWJXRjBTU0lJYW5CbkJqb0dSVlE2QzNKbGMybDZaVWtpRERRd01IZ3pNREFHT3daVSIsImV4cCI6bnVsbCwicHVyIjoidmFyaWF0aW9uIn19--ee5f3d2fe1d32a43a01abab55add07d4caca3659/photo_Logo-.jpg,目に浮かぶのは、あの頃の東池袋。つけ麺の元祖が今甦る。,つけ麺の生みの親、故・山岸一雄氏が旧東池袋大勝軒で提供していた味を、孫弟子・富田治が現代に再現。甘味と酸味の絶妙なつけ汁にツルツルの自家製太麺が、どこか懐かしく、ハマる旨さ！,"1,050円(税込1,134円)","(税込1,134円)",不明
錦 iwamoto 瀬戸内吟醸 真鯛塩らぁ麺 寿,https://www.takumen.com/products/1500,https://www.takumen.com/rails/active_storage/representations/redirect/eyJfcmFpbHMiOnsibWVzc2FnZSI6IkJBaHBBMjR6QlE9PSIsImV4cCI6bnVsbCwicHVyIjoiYmxvYl9pZCJ9fQ==--dd548fe00f2f1df0564ef8366686eee76d7edd47/eyJfcmFpbHMiOnsibWVzc2FnZSI6IkJBaDdCem9MWm05eWJXRjBTU0lJYW5CbkJqb0dSVlE2QzNKbGMybDZaVWtpRERRd01IZ3pNREFHT3daVSIsImV4cCI6bnVsbCwicHVyIjoidmFyaWF0aW9uIn19--ee5f3d2fe1d32a43a01abab55add07d4caca3659/photo_Logo-.jpg,地元愛媛を愛する店主が放つ「優しい鯛塩ラーメン」,昆布の旨味と甘味に、奥行きある鯛出汁の風味が加わり、なんとも優しい味わいに。なめらかな麺肌が特徴の中細ストレート麺は、小麦が豊かに香る上質な味わい。ミシュランビブグルマンを取得する実力店より、いざ全国へ！,"1,200円(税込1,296円)","(税込1,296円)",塩ラーメン
倉敷らーめん升家 倉敷煮干しらーめん,https://www.takumen.com/products/1498,https://www.takumen.com/rails/active_storage/representations/redirect/eyJfcmFpbHMiOnsibWVzc2FnZSI6IkJBaHBBMWQ3QlE9PSIsImV4cCI6bnVsbCwicHVyIjoiYmxvYl9pZCJ9fQ==--52d3ed540606c3efb2e5f703faa18c5f75195cae/eyJfcmFpbHMiOnsibWVzc2FnZSI6IkJBaDdCem9MWm05eWJXRjBTU0lJYW5CbkJqb0dSVlE2QzNKbGMybDZaVWtpRERRd01IZ3pNREFHT3daVSIsImV4cCI6bnVsbCwicHVyIjoidmFyaWF0aW9uIn19--ee5f3d2fe1d32a43a01abab55add07d4caca3659/photo_Logo-.jpg,地元の食材をふんだんに使用した、倉敷の味満載の極上の一杯,魚介の香ばしい風味と出汁の旨味がしっかりと効いた豚骨Wスープ。元々は醤油醸造業であったことから、カエシに特徴があり煮干しのかおりがふわっと広がる。体に染み渡る優しい一杯,"1,100円(税込1,188円)","(税込1,188円)",豚骨ラーメン
かみあり製麺 島根宍道湖しじみ塩そば　しじみマシマシ,https://www.takumen.com/products/1497,https://www.takumen.com/rails/active_storage/representations/redirect/eyJfcmFpbHMiOnsibWVzc2FnZSI6IkJBaHBBM3g3QlE9PSIsImV4cCI6bnVsbCwicHVyIjoiYmxvYl9pZCJ9fQ==--ea27f2d6f88b1920172fb8acfcdade443dcc08b4/eyJfcmFpbHMiOnsibWVzc2FnZSI6IkJBaDdCem9MWm05eWJXRjBTU0lJYW5CbkJqb0dSVlE2QzNKbGMybDZaVWtpRERRd01IZ3pNREFHT3daVSIsImV4cCI6bnVsbCwicHVyIjoidmFyaWF0aW9uIn19--ee5f3d2fe1d32a43a01abab55add07d4caca3659/photo_Logo-.jpg,貝の卸売業だからできる！鮮度抜群しじみたっぷりの塩そば！,宍道湖の身の詰まったしじみがマシマシ！動物系スープとしじみそのものの味わいが混然一体となった究極のスープ。素材の旨味が最大限に引き出されており、自家製麺との相性抜群！,"1,000円(税込1,080円)","(税込1,080円)",味噌ラーメン
麺屋桐龍 辛いらーめん（豚2枚）,https://www.takumen.com/products/1493,https://www.takumen.com/rails/active_storage/representations/redirect/eyJfcmFpbHMiOnsibWVzc2FnZSI6IkJBaHBBMUVDQlE9PSIsImV4cCI6bnVsbCwicHVyIjoiYmxvYl9pZCJ9fQ==--cc9872d86fc4c519d6afab24beb0113cb5e3c43f/eyJfcmFpbHMiOnsibWVzc2FnZSI6IkJBaDdCem9MWm05eWJXRjBTU0lJYW5CbkJqb0dSVlE2QzNKbGMybDZaVWtpRERRd01IZ3pNREFHT3daVSIsImV4cCI6bnVsbCwicHVyIjoidmFyaWF0aW9uIn19--ee5f3d2fe1d32a43a01abab55add07d4caca3659/photo_Logo-.jpg,中毒性抜群の辛インスパイアラーメン！,二郎インスパイア店の中でも、超人気店「麺屋桐龍」より、病みつき度マックスの辛いラーメンが新登場！ 豚はバラ肉とウデ肉の２種類が入り、豚好きにもたまらない！,"1,270円(税込1,372円)","(税込1,372円)",不明
カッパ64 トマトらーめん,https://www.takumen.com/products/1492,https://www.takumen.com/rails/active_storage/representations/redirect/eyJfcmFpbHMiOnsibWVzc2FnZSI6IkJBaHBBOTNZQkE9PSIsImV4cCI6bnVsbCwicHVyIjoiYmxvYl9pZCJ9fQ==--fc80cf684a0dad00cf63372be39c8bda52012c81/eyJfcmFpbHMiOnsibWVzc2FnZSI6IkJBaDdCem9MWm05eWJXRjBTU0lJYW5CbkJqb0dSVlE2QzNKbGMybDZaVWtpRERRd01IZ3pNREFHT3daVSIsImV4cCI6bnVsbCwicHVyIjoidmFyaWF0aW9uIn19--ee5f3d2fe1d32a43a01abab55add07d4caca3659/photo_Logo-.jpg,ビジュアルからは微塵も感じられない濃厚な魚介が特徴的！,見た目はトマト、味は出汁香る濃厚魚介！味覚と視覚が異なり、脳内は混乱寸前！もちろんトマトの味もあり、肉厚なカットトマトからは甘みと酸味も感じられる新感覚なラーメンだ！,"1,000円(税込1,080円)","(税込1,080円)",不明
凌駕IDEA松本本店 ニボガッツ,https://www.takumen.com/products/1484,https://www.takumen.com/rails/active_storage/representations/redirect/eyJfcmFpbHMiOnsibWVzc2FnZSI6IkJBaHBBeEMvQkE9PSIsImV4cCI6bnVsbCwicHVyIjoiYmxvYl9pZCJ9fQ==--d5d279f47c82ff3387196c6aa675169341097e85/eyJfcmFpbHMiOnsibWVzc2FnZSI6IkJBaDdCem9MWm05eWJXRjBTU0lJYW5CbkJqb0dSVlE2QzNKbGMybDZaVWtpRERRd01IZ3pNREFHT3daVSIsImV4cCI6bnVsbCwicHVyIjoidmFyaWF0aW9uIn19--ee5f3d2fe1d32a43a01abab55add07d4caca3659/photo_Logo-.jpg,ニボしょっぱウマイ！！癖なく美味い極太麺の一杯,長野県松本市を中心に展開する人気グループの総本山！スープに使用する食材はズバリ煮干のみ！老舗醸造元の風味豊かな甘露醤油と背脂を合わせれば極太麺との相性は抜群。,"1,240円(税込1,339円)","(税込1,339円)",醤油ラーメン
濱野家 ラーメン濱野家(宅麺ver),https://www.takumen.com/products/1481,https://www.takumen.com/rails/active_storage/representations/redirect/eyJfcmFpbHMiOnsibWVzc2FnZSI6IkJBaHBBMjNhQkE9PSIsImV4cCI6bnVsbCwicHVyIjoiYmxvYl9pZCJ9fQ==--4a556a5ed21e3d38a8d7eeb0a61f614efcc4d62e/eyJfcmFpbHMiOnsibWVzc2FnZSI6IkJBaDdCem9MWm05eWJXRjBTU0lJYW5CbkJqb0dSVlE2QzNKbGMybDZaVWtpRERRd01IZ3pNREFHT3daVSIsImV4cCI6bnVsbCwicHVyIjoidmFyaWF0aW9uIn19--ee5f3d2fe1d32a43a01abab55add07d4caca3659/photo_Logo-.jpg,濃厚さと、キレを備えた「これぞ家系ラーメン」な味わい,キレキレの醤油と、香り抜群の鶏油がこの上なく食欲をそそる。パンチ力と安定感、さらには全体的なバランス全てを兼ね添えた超ハイレベルな一杯！老若男女問わず愛される味わいだ。,"1,300円(税込1,404円)","(税込1,404円)",醤油ラーメン
まゆみの店 特製鍋焼きラーメン,https://www.takumen.com/products/1479,https://www.takumen.com/rails/active_storage/representations/redirect/eyJfcmFpbHMiOnsibWVzc2FnZSI6IkJBaHBBN1dQQkE9PSIsImV4cCI6bnVsbCwicHVyIjoiYmxvYl9pZCJ9fQ==--d286c59eddd0f7a2fb79de27647de0761a5a3132/eyJfcmFpbHMiOnsibWVzc2FnZSI6IkJBaDdCem9MWm05eWJXRjBTU0lJYW5CbkJqb0dSVlE2QzNKbGMybDZaVWtpRERRd01IZ3pNREFHT3daVSIsImV4cCI6bnVsbCwicHVyIjoidmFyaWF0aW9uIn19--ee5f3d2fe1d32a43a01abab55add07d4caca3659/photo_Logo-.jpg,鍋焼きといえばラーメン！高知県須崎市名物のご当地ラーメン,昭和63年創業、地元で親しまれてきた味がついに全国へ。懐かしさを感じられる親鳥の鶏ガラスープは甘味たっぷりとした味わいで、コシのあるストレート麺に絶妙にマッチ。,"1,120円(税込1,210円)","(税込1,210円)",不明
茨城豚そば特龍本店 特龍豚そば,https://www.takumen.com/products/1478,https://www.takumen.com/rails/active_storage/representations/redirect/eyJfcmFpbHMiOnsibWVzc2FnZSI6IkJBaHBBL0hZQkE9PSIsImV4cCI6bnVsbCwicHVyIjoiYmxvYl9pZCJ9fQ==--ddf4661bb067457f716533138efcbf426b63ca84/eyJfcmFpbHMiOnsibWVzc2FnZSI6IkJBaDdCem9MWm05eWJXRjBTU0lJYW5CbkJqb0dSVlE2QzNKbGMybDZaVWtpRERRd01IZ3pNREFHT3daVSIsImV4cCI6bnVsbCwicHVyIjoidmFyaWF0aW9uIn19--ee5f3d2fe1d32a43a01abab55add07d4caca3659/photo_Logo-.jpg,龍介のセカンドブランドが放つ、濃厚微乳化二郎インスパイア,混ぜきれないほどのガラが溶け込んだパンチのある濃厚微乳化なスープがワシワシの極太麺に絡みつく食べ応え抜群の一杯！肉厚なチャーシュー、スープ、麺の絡み具合は文句なしの一言,"1,200円(税込1,296円)","(税込1,296円)",不明
ひかり食堂 塩そば,https://www.takumen.com/products/1476,https://www.takumen.com/rails/active_storage/representations/redirect/eyJfcmFpbHMiOnsibWVzc2FnZSI6IkJBaHBBd3VTQkE9PSIsImV4cCI6bnVsbCwicHVyIjoiYmxvYl9pZCJ9fQ==--c3d95d1a0fcbd932d2c7b0a104fdda4049c19e17/eyJfcmFpbHMiOnsibWVzc2FnZSI6IkJBaDdCem9MWm05eWJXRjBTU0lJYW5CbkJqb0dSVlE2QzNKbGMybDZaVWtpRERRd01IZ3pNREFHT3daVSIsImV4cCI6bnVsbCwicHVyIjoidmFyaWF0aW9uIn19--ee5f3d2fe1d32a43a01abab55add07d4caca3659/photo_Logo-.jpg,職人店主が放つ、鶏と魚介が香る上質な無化調塩ラーメン,自己流で腕を磨く職人肌の店主は、素材本来の味と、旨みを抽出することに関しては天才的。化学調味料に頼ることなく、あらゆる素材を活かし、香り、味わいを上品に表現している。,"1,050円(税込1,134円)","(税込1,134円)",塩ラーメン
ひかり食堂 鶏塩そば,https://www.takumen.com/products/1475,https://www.takumen.com/rails/active_storage/representations/redirect/eyJfcmFpbHMiOnsibWVzc2FnZSI6IkJBaHBBKzZSQkE9PSIsImV4cCI6bnVsbCwicHVyIjoiYmxvYl9pZCJ9fQ==--be3213b682de7a456e8e4fcd26e60d8ccde20bb6/eyJfcmFpbHMiOnsibWVzc2FnZSI6IkJBaDdCem9MWm05eWJXRjBTU0lJYW5CbkJqb0dSVlE2QzNKbGMybDZaVWtpRERRd01IZ3pNREFHT3daVSIsImV4cCI6bnVsbCwicHVyIjoidmFyaWF0aW9uIn19--ee5f3d2fe1d32a43a01abab55add07d4caca3659/photo_Logo-.jpg,濃厚鶏白湯スープは、鶏の旨みがぎっしり詰まった至高の一杯,四国から全国へ、愛媛県の超行列有名店が、濃厚鶏スープを携え、宅麺に登場！即席麺として販売されるなど、地元で知名度抜群の名店がいよいよ満を辞して全国へ！,"1,050円(税込1,134円)","(税込1,134円)",豚骨ラーメン
いごっそラーメン店長 いごっそラーメン塩味,https://www.takumen.com/products/1474,https://www.takumen.com/rails/active_storage/representations/redirect/eyJfcmFpbHMiOnsibWVzc2FnZSI6IkJBaHBBMGVXQkE9PSIsImV4cCI6bnVsbCwicHVyIjoiYmxvYl9pZCJ9fQ==--f2277582da8a830554e0d61c43d9b44809f7ca8d/eyJfcmFpbHMiOnsibWVzc2FnZSI6IkJBaDdCem9MWm05eWJXRjBTU0lJYW5CbkJqb0dSVlE2QzNKbGMybDZaVWtpRERRd01IZ3pNREFHT3daVSIsImV4cCI6bnVsbCwicHVyIjoidmFyaWF0aW9uIn19--ee5f3d2fe1d32a43a01abab55add07d4caca3659/photo_Logo-.jpg,高知の山奥に佇む、シンプルで味変が楽しめる塩ラーメン,塩の旨味が凝縮され、パンチがありながらもすっきりとした味わいの塩ラーメン。自家製柚子胡椒は爽やかにまとめてくれる味変アイテム！見えてないだけで尋常じゃない焼豚の量も必見。,"1,380円(税込1,490円)","(税込1,490円)",塩ラーメン
岡本中華 中華そば,https://www.takumen.com/products/1472,https://www.takumen.com/rails/active_storage/representations/redirect/eyJfcmFpbHMiOnsibWVzc2FnZSI6IkJBaHBBeTJTQkE9PSIsImV4cCI6bnVsbCwicHVyIjoiYmxvYl9pZCJ9fQ==--d6eba3ea95ec2089fdf02594aa1b0b4f5ff56c98/eyJfcmFpbHMiOnsibWVzc2FnZSI6IkJBaDdCem9MWm05eWJXRjBTU0lJYW5CbkJqb0dSVlE2QzNKbGMybDZaVWtpRERRd01IZ3pNREFHT3daVSIsImV4cCI6bnVsbCwicHVyIjoidmFyaWF0aW9uIn19--ee5f3d2fe1d32a43a01abab55add07d4caca3659/photo_Logo-.jpg,徳島県小松島市発！70年の歴史を持つ老舗の白系徳島ラーメン,まろやかな口当たりと、コクが特徴の白系徳島ラーメン。伝統を守りつつ、進化を遂げる名店の味は、全国でまだ馴染みのない白系徳島ラーメンを全国へ羽ばたかせる！,"1,110円(税込1,199円)","(税込1,199円)",不明
王者-23 徳島ラーメン,https://www.takumen.com/products/1471,https://www.takumen.com/rails/active_storage/representations/redirect/eyJfcmFpbHMiOnsibWVzc2FnZSI6IkJBaHBBeCtXQkE9PSIsImV4cCI6bnVsbCwicHVyIjoiYmxvYl9pZCJ9fQ==--3783fd2b15fb65384381681f392efa471252a933/eyJfcmFpbHMiOnsibWVzc2FnZSI6IkJBaDdCem9MWm05eWJXRjBTU0lJYW5CbkJqb0dSVlE2QzNKbGMybDZaVWtpRERRd01IZ3pNREFHT3daVSIsImV4cCI6bnVsbCwicHVyIjoidmFyaWF0aW9uIn19--ee5f3d2fe1d32a43a01abab55add07d4caca3659/photo_Logo-.jpg,徳島の超行列ラーメン店が全国へ殴り込み！,とてつもなく濃厚で、甘みも旨味も抜群！強烈なまでの濃度と粘度を誇る豚骨スープは、その中毒性が特徴で、生卵を加えることで、まろやかさが加わり、唯一無二のラーメンだ！,"1,110円(税込1,199円)","(税込1,199円)",豚骨ラーメン
王王軒 徳島ラーメン並豚骨臭増し増し,https://www.takumen.com/products/1469,https://www.takumen.com/rails/active_storage/representations/redirect/eyJfcmFpbHMiOnsibWVzc2FnZSI6IkJBaHBBd3VVQkE9PSIsImV4cCI6bnVsbCwicHVyIjoiYmxvYl9pZCJ9fQ==--451ca07998897ea33e443a2169fd5fceb542197a/eyJfcmFpbHMiOnsibWVzc2FnZSI6IkJBaDdCem9MWm05eWJXRjBTU0lJYW5CbkJqb0dSVlE2QzNKbGMybDZaVWtpRERRd01IZ3pNREFHT3daVSIsImV4cCI6bnVsbCwicHVyIjoidmFyaWF0aW9uIn19--ee5f3d2fe1d32a43a01abab55add07d4caca3659/photo_Logo-.jpg,徳島ラーメンの茶系！トップクラスの濃厚スープをご堪能あれ,野生的な香りで食欲増進！豚骨臭の溢れ出るとろみの効いたスープはワイルドな味わいで脳天直撃！豚骨臭に酔いしれるうちにいつの間にか病みつきになる中毒性の高い徳島ラーメン！,"1,100円(税込1,188円)","(税込1,188円)",豚骨ラーメン
新ラーメンショップ狭山本部 ラーメン,https://www.takumen.com/products/1467,https://www.takumen.com/rails/active_storage/representations/redirect/eyJfcmFpbHMiOnsibWVzc2FnZSI6IkJBaHBBMGVsQkE9PSIsImV4cCI6bnVsbCwicHVyIjoiYmxvYl9pZCJ9fQ==--58da4f4466a3cca97a369658119084cc35ed44a2/eyJfcmFpbHMiOnsibWVzc2FnZSI6IkJBaDdCem9MWm05eWJXRjBTU0lJYW5CbkJqb0dSVlE2QzNKbGMybDZaVWtpRERRd01IZ3pNREFHT3daVSIsImV4cCI6bnVsbCwicHVyIjoidmFyaWF0aW9uIn19--ee5f3d2fe1d32a43a01abab55add07d4caca3659/photo_Logo-.jpg,日本人のソウルフード「ラーショ」が遂に降臨！！,「東京豚骨ラーメン」とも言われる日本人なら馴染みの深いラーメン。豚骨スープと中細ストレート麺の組み合わせはファン垂涎ものの一杯だ！,"1,150円(税込1,242円)","(税込1,242円)",豚骨ラーメン
豚星。 汁無し蕎麦,https://www.takumen.com/products/1466,https://www.takumen.com/rails/active_storage/representations/redirect/eyJfcmFpbHMiOnsibWVzc2FnZSI6IkJBaHBBeEd3Qmc9PSIsImV4cCI6bnVsbCwicHVyIjoiYmxvYl9pZCJ9fQ==--13005853cc186fde08c3c2201b0dd47d753d3798/eyJfcmFpbHMiOnsibWVzc2FnZSI6IkJBaDdCem9MWm05eWJXRjBTU0lJYW5CbkJqb0dSVlE2QzNKbGMybDZaVWtpRERRd01IZ3pNREFHT3daVSIsImV4cCI6bnVsbCwicHVyIjoidmFyaWF0aW9uIn19--ee5f3d2fe1d32a43a01abab55add07d4caca3659/photo_Logo-.jpg,インスパイアトップブランドより、人気の汁なし蕎麦が登場！,ジャンキーな食べ応えは、中毒性抜群！巨大な柔らかホロホロ豚も、たまらない。たっぷり茹で野菜、刻みニンニクは必須、お好みでマヨネーズを加えてガッツリ食らいついてもらいたい。,"1,337円(税込1,444円)","(税込1,444円)",不明
豚星。 小ラーメン,https://www.takumen.com/products/1463,https://www.takumen.com/rails/active_storage/representations/redirect/eyJfcmFpbHMiOnsibWVzc2FnZSI6IkJBaHBBeTQwQkE9PSIsImV4cCI6bnVsbCwicHVyIjoiYmxvYl9pZCJ9fQ==--c9e390b1507f6d24b29c3c528f3d1aaf4b15dbec/eyJfcmFpbHMiOnsibWVzc2FnZSI6IkJBaDdCem9MWm05eWJXRjBTU0lJYW5CbkJqb0dSVlE2QzNKbGMybDZaVWtpRERRd01IZ3pNREFHT3daVSIsImV4cCI6bnVsbCwicHVyIjoidmFyaWF0aW9uIn19--ee5f3d2fe1d32a43a01abab55add07d4caca3659/photo_Logo-.jpg,全国トップクラスの人気と実力を誇る二郎インスパイア！,キリッと決まったカネシ醤油に、豚の旨味をたっぷりとまとった微乳化スープがベストマッチ。神豚とも言われる大きく、柔らかい豚肉も健在！超ハイレベルな逸品だ。,"1,258円(税込1,359円)","(税込1,359円)",醤油ラーメン
ビンギリ 勝浦タンタン麺,https://www.takumen.com/products/1462,https://www.takumen.com/rails/active_storage/representations/redirect/eyJfcmFpbHMiOnsibWVzc2FnZSI6IkJBaHBBeWhpQkE9PSIsImV4cCI6bnVsbCwicHVyIjoiYmxvYl9pZCJ9fQ==--513f5a9b0779f9cd038300e509e2e9a1adf26fb6/eyJfcmFpbHMiOnsibWVzc2FnZSI6IkJBaDdCem9MWm05eWJXRjBTU0lJYW5CbkJqb0dSVlE2QzNKbGMybDZaVWtpRERRd01IZ3pNREFHT3daVSIsImV4cCI6bnVsbCwicHVyIjoidmFyaWF0aW9uIn19--ee5f3d2fe1d32a43a01abab55add07d4caca3659/photo_Logo-.jpg,激辛！激ウマ！旨みの詰まった勝浦タンタン麺,千葉県勝浦市のご当地ラーメン「勝浦タンタン麺」。都内ナンバーワンと呼び声の高いビンギリの勝浦タンタン麺は、痺れるような辛さに加え抜群の旨みとスープによく絡む縮れ麺が特徴。箸が止まらないほど病みつきになる味わいだ。,"1,350円(税込1,458円)","(税込1,458円)",不明
麺屋そにどり 伊勢志摩産あおさのり入り 醤油らーめん,https://www.takumen.com/products/1460,https://www.takumen.com/rails/active_storage/representations/redirect/eyJfcmFpbHMiOnsibWVzc2FnZSI6IkJBaHBBM2xpQkE9PSIsImV4cCI6bnVsbCwicHVyIjoiYmxvYl9pZCJ9fQ==--f376a4267ed5e7f5f4cf631bf6b41b8350e9ba75/eyJfcmFpbHMiOnsibWVzc2FnZSI6IkJBaDdCem9MWm05eWJXRjBTU0lJYW5CbkJqb0dSVlE2QzNKbGMybDZaVWtpRERRd01IZ3pNREFHT3daVSIsImV4cCI6bnVsbCwicHVyIjoidmFyaWF0aW9uIn19--ee5f3d2fe1d32a43a01abab55add07d4caca3659/photo_Logo-.jpg,三重が誇る名店！鶏と煮干しが香るスッキリ醤油ラーメン,クリアでシャープな醤油味のスープは、鶏の旨味と煮干しの香りにしっかりと支えられた優しい味わい。地元三重県産のあおさのりとの相性は抜群で、温かみのある一杯だ。,"1,200円(税込1,296円)","(税込1,296円)",醤油ラーメン
ラーメン家みつ葉 豚CHIKIしょうゆラーメン,https://www.takumen.com/products/1458,https://www.takumen.com/rails/active_storage/representations/redirect/eyJfcmFpbHMiOnsibWVzc2FnZSI6IkJBaHBBMU5pQkE9PSIsImV4cCI6bnVsbCwicHVyIjoiYmxvYl9pZCJ9fQ==--9135eb710744290cd5d8b205906e6e8c852194af/eyJfcmFpbHMiOnsibWVzc2FnZSI6IkJBaDdCem9MWm05eWJXRjBTU0lJYW5CbkJqb0dSVlE2QzNKbGMybDZaVWtpRERRd01IZ3pNREFHT3daVSIsImV4cCI6bnVsbCwicHVyIjoidmFyaWF0aW9uIn19--ee5f3d2fe1d32a43a01abab55add07d4caca3659/photo_Logo-.jpg,奈良発！旨味が凝縮されたクリーミー＆まろやかな味わい！,奈良県の名店がついに宅麺登場！国産ガラを長時間炊き込んだまろやかな口当たりの動物系スープと、小麦香るモチモチした自家製多加水麺の融合は、あなたを新たな世界へと誘う！,"1,100円(税込1,188円)","(税込1,188円)",不明
大島 味噌らーめん,https://www.takumen.com/products/1446,https://www.takumen.com/rails/active_storage/representations/redirect/eyJfcmFpbHMiOnsibWVzc2FnZSI6IkJBaHBBNUxMQ0E9PSIsImV4cCI6bnVsbCwicHVyIjoiYmxvYl9pZCJ9fQ==--91ad8581ae01cfe716c3d0ddc5794f540ab996b9/eyJfcmFpbHMiOnsibWVzc2FnZSI6IkJBaDdCem9MWm05eWJXRjBTU0lJYW5CbkJqb0dSVlE2QzNKbGMybDZaVWtpRERRd01IZ3pNREFHT3daVSIsImV4cCI6bnVsbCwicHVyIjoidmFyaWF0aW9uIn19--ee5f3d2fe1d32a43a01abab55add07d4caca3659/photo_Logo.jpg,味噌ラーメンの王道純すみ系から、超話題店の登場！,日本を代表する味噌ラーメン店「札幌すみれ」で12年間修行した職人店主が届ける、濃厚で抜群のキレを誇る味噌ラーメン。ニンニク、生姜の香りが食欲をそそる至高の一杯。,"1,350円(税込1,458円)","(税込1,458円)",味噌ラーメン
自家製麺　伊藤 肉そば,https://www.takumen.com/products/1445,https://www.takumen.com/rails/active_storage/representations/redirect/eyJfcmFpbHMiOnsibWVzc2FnZSI6IkJBaHBBOVh5QXc9PSIsImV4cCI6bnVsbCwicHVyIjoiYmxvYl9pZCJ9fQ==--ddf8d2f3f5962dcca4cb9b47263b6c24a16989a8/eyJfcmFpbHMiOnsibWVzc2FnZSI6IkJBaDdCem9MWm05eWJXRjBTU0lJYW5CbkJqb0dSVlE2QzNKbGMybDZaVWtpRERRd01IZ3pNREFHT3daVSIsImV4cCI6bnVsbCwicHVyIjoidmFyaWF0aW9uIn19--ee5f3d2fe1d32a43a01abab55add07d4caca3659/photo_Logo-.jpg,最高級煮干し使用、煮干しに真っ直ぐな正統派煮干しラーメン,ミシュランガイドビブグルマンに2年連続で選出された折り紙つきの名店。最高級煮干しをふんだんに使用したパンチのあるスープと、自家製低加水ストレート麺が見事に融合！！,"1,000円(税込1,080円)","(税込1,080円)",不明
鶏こく中華　すず喜 こく醤油,https://www.takumen.com/products/1437,https://www.takumen.com/rails/active_storage/representations/redirect/eyJfcmFpbHMiOnsibWVzc2FnZSI6IkJBaHBBL3VuQXc9PSIsImV4cCI6bnVsbCwicHVyIjoiYmxvYl9pZCJ9fQ==--6541afd4944c02371c3060c11b0901597e0cd75f/eyJfcmFpbHMiOnsibWVzc2FnZSI6IkJBaDdCem9MWm05eWJXRjBTU0lJYW5CbkJqb0dSVlE2QzNKbGMybDZaVWtpRERRd01IZ3pNREFHT3daVSIsImV4cCI6bnVsbCwicHVyIjoidmFyaWF0aW9uIn19--ee5f3d2fe1d32a43a01abab55add07d4caca3659/photo_Logo-.jpg,押し寄せる驚異のコク！大人気メニュー『こく醤油』見参！,こく塩と並ぶ看板メニューこく醤油が登場！一口食べると、魚介と動物系出汁の絶妙な配合から生まれるとんでもないコクが口いっぱいに広がり、その旨さは脳に刻み込まれ離れない。,"1,150円(税込1,242円)","(税込1,242円)",塩ラーメン
中華そば　丸田屋 丸田屋の中華そば（和歌山ラーメン）,https://www.takumen.com/products/1431,https://www.takumen.com/rails/active_storage/representations/redirect/eyJfcmFpbHMiOnsibWVzc2FnZSI6IkJBaHBBMURpQXc9PSIsImV4cCI6bnVsbCwicHVyIjoiYmxvYl9pZCJ9fQ==--b3d68e1673e4df8d2b03ee002718ed63cd60d2df/eyJfcmFpbHMiOnsibWVzc2FnZSI6IkJBaDdCem9MWm05eWJXRjBTU0lJYW5CbkJqb0dSVlE2QzNKbGMybDZaVWtpRERRd01IZ3pNREFHT3daVSIsImV4cCI6bnVsbCwicHVyIjoidmFyaWF0aW9uIn19--ee5f3d2fe1d32a43a01abab55add07d4caca3659/photo_Logo-.jpg,これぞ本場和歌山の豚骨醤油の中華そば！和歌山ラーメン！,濃い見た目のスープながらもあっさりとした豚骨醤油スープは、脂っぽくなく和歌山ラーメンの独特な豚骨の香りがクセになる味わい！誰もが親しみを感じられる、和歌山が生んだ昔ながらの中華そば！,"1,200円(税込1,296円)","(税込1,296円)",豚骨ラーメン
荻窪中華そば　春木屋 中華そば,https://www.takumen.com/products/1419,https://www.takumen.com/rails/active_storage/representations/redirect/eyJfcmFpbHMiOnsibWVzc2FnZSI6IkJBaHBBem9xQXc9PSIsImV4cCI6bnVsbCwicHVyIjoiYmxvYl9pZCJ9fQ==--272f8380daf9e33464b8bb21956af071c604470f/eyJfcmFpbHMiOnsibWVzc2FnZSI6IkJBaDdCem9MWm05eWJXRjBTU0lJYW5CbkJqb0dSVlE2QzNKbGMybDZaVWtpRERRd01IZ3pNREFHT3daVSIsImV4cCI6bnVsbCwicHVyIjoidmFyaWF0aW9uIn19--ee5f3d2fe1d32a43a01abab55add07d4caca3659/photo_middle.jpg,昭和24年創業、基本の味は変えずに受け継がれた伝統の味！,70年以上にわたり評価を受けてきた味は、味の幹だけを変えず、見えない創意と努力を重ねて少しずつ変化している。誰もがノスタルジックな雰囲気を感じ取れる、そんな一杯。,"1,150円(税込1,242円)","(税込1,242円)",不明
銀座　篝 鶏白湯Soba,https://www.takumen.com/products/1417,https://www.takumen.com/rails/active_storage/representations/redirect/eyJfcmFpbHMiOnsibWVzc2FnZSI6IkJBaHBBL29aQXc9PSIsImV4cCI6bnVsbCwicHVyIjoiYmxvYl9pZCJ9fQ==--64eb14a88980c28134cd01e5f471441fc3f6fc4a/eyJfcmFpbHMiOnsibWVzc2FnZSI6IkJBaDdCem9MWm05eWJXRjBTU0lJYW5CbkJqb0dSVlE2QzNKbGMybDZaVWtpRERRd01IZ3pNREFHT3daVSIsImV4cCI6bnVsbCwicHVyIjoidmFyaWF0aW9uIn19--ee5f3d2fe1d32a43a01abab55add07d4caca3659/photo_middle.jpg,鶏の旨みが凝縮！後味すっきりな鶏白湯を代表する逸品,白濁したスープからは想像もできないあっさりとしたスープは、雑味がなくすっきりとした味わい。鶏の旨みがしっかりと感じられ、いつの間にか喉元を通り過ぎて完飲してしまうほど。,"1,400円(税込1,512円)","(税込1,512円)",豚骨ラーメン
らーめん侘助 塩ラーメン（追い出汁パック付き）,https://www.takumen.com/products/1414,https://www.takumen.com/rails/active_storage/representations/redirect/eyJfcmFpbHMiOnsibWVzc2FnZSI6IkJBaHBBOE9TQWc9PSIsImV4cCI6bnVsbCwicHVyIjoiYmxvYl9pZCJ9fQ==--33adec85fc6cec2991d5643018f133286b0fabae/eyJfcmFpbHMiOnsibWVzc2FnZSI6IkJBaDdCem9MWm05eWJXRjBTU0lJYW5CbkJqb0dSVlE2QzNKbGMybDZaVWtpRERRd01IZ3pNREFHT3daVSIsImV4cCI6bnVsbCwicHVyIjoidmFyaWF0aW9uIn19--ee5f3d2fe1d32a43a01abab55add07d4caca3659/photo_middle.jpg,追い出汁パックで店頭と同じような旨みをしっかりと再現！ミシュラン・ビブグルマン獲得店舗の乾物の旨味を堪能できる塩らーめん,素材本来の味にこだわり化学調味料を使わないラーメンで幅広い世代からの支持を得る「らーめん侘助」。札幌のみならず北海道を代表する銘店だ。煮干と昆布の風味をしっかりと感じるスープと、適度な食感の自家製麺のバランスが絶品の一杯。スープ湯煎後に追い出汁パックを入れてひと煮立ちさせれば、魚介の旨みが存分に引き出され、店頭で提供される味と比べても遜色ない仕上がりとなる！,"1,380円(税込1,490円)","(税込1,490円)",塩ラーメン
無鉄砲 とんこつラーメン,https://www.takumen.com/products/1413,https://www.takumen.com/rails/active_storage/representations/redirect/eyJfcmFpbHMiOnsibWVzc2FnZSI6IkJBaHBBMlA4QWc9PSIsImV4cCI6bnVsbCwicHVyIjoiYmxvYl9pZCJ9fQ==--7b0dcfaf88bb861a0ce0d668a3272a1e125501f9/eyJfcmFpbHMiOnsibWVzc2FnZSI6IkJBaDdCem9MWm05eWJXRjBTU0lJYW5CbkJqb0dSVlE2QzNKbGMybDZaVWtpRERRd01IZ3pNREFHT3daVSIsImV4cCI6bnVsbCwicHVyIjoidmFyaWF0aW9uIn19--ee5f3d2fe1d32a43a01abab55add07d4caca3659/photo_middle.jpg,超濃厚ド豚骨！関西の超行列店「無鉄砲本店」が登場！,箸が立つほどの濃厚な豚骨スープは、飲んだ瞬間、強烈なインパクトが口の中を駆け巡る。大量の国産豚骨を超火力でかき回し続けて作られる豚骨純度100%のスープ。破竹の勢いで進撃し続ける超人気店「無鉄砲本店」遂に発売開始！,"1,150円(税込1,242円)","(税込1,242円)",豚骨ラーメン
ラーメンつけ麺今を粋ろ 今粋混ぜ麺,https://www.takumen.com/products/1407,https://www.takumen.com/rails/active_storage/representations/redirect/eyJfcmFpbHMiOnsibWVzc2FnZSI6IkJBaHBBeVdMQWc9PSIsImV4cCI6bnVsbCwicHVyIjoiYmxvYl9pZCJ9fQ==--2efaea018950c3247d5172d012a26d30478b3fdb/eyJfcmFpbHMiOnsibWVzc2FnZSI6IkJBaDdCem9MWm05eWJXRjBTU0lJYW5CbkJqb0dSVlE2QzNKbGMybDZaVWtpRERRd01IZ3pNREFHT3daVSIsImV4cCI6bnVsbCwicHVyIjoidmFyaWF0aW9uIn19--ee5f3d2fe1d32a43a01abab55add07d4caca3659/photo_middle.jpg,麺も豚もボリューム満点！タレの旨みと背脂の甘みが混ざり合う、今粋混ぜ麺！,鳥取県にて絶大な人気を誇り、宅麺サイト内の口コミにおいて二郎インスパイア系の中でも食べやすいと評判の「今を粋ろ」から新メニューが登場！ボリューム満点な300gの麺に濃厚なタレが絡みつく絶妙な味わい。豚の存在感も圧倒的で、たっぷりの茹でもやしを入れればさらにボリュームアップ！キリッとしたタレに背脂の甘みが感じ、茹でもやしとの相性も抜群。ブラックペッパーが全体を引き締め、さっぱりとした仕上がりになるため、想像以上に食べやすい！最後にご飯を入れて混ぜ、最高のシメを味わって欲しい！,"1,200円(税込1,296円)","(税込1,296円)",不明
吉祥寺武蔵家 家系BLACK,https://www.takumen.com/products/1406,https://www.takumen.com/rails/active_storage/representations/redirect/eyJfcmFpbHMiOnsibWVzc2FnZSI6IkJBaHBBM0NGQWc9PSIsImV4cCI6bnVsbCwicHVyIjoiYmxvYl9pZCJ9fQ==--fee0bc501c117931b812b69bf4f4644dea0e190d/eyJfcmFpbHMiOnsibWVzc2FnZSI6IkJBaDdCem9MWm05eWJXRjBTU0lJYW5CbkJqb0dSVlE2QzNKbGMybDZaVWtpRERRd01IZ3pNREFHT3daVSIsImV4cCI6bnVsbCwicHVyIjoidmFyaWF0aW9uIn19--ee5f3d2fe1d32a43a01abab55add07d4caca3659/photo_middle.jpg,新たな家系！圧倒されるほど醤油がガツンと響く、旨み溢れる新感覚うまじょっぱいラーメン！,『お取り寄せラーメンオブ・ザ・イヤー 2021　ラーメン部門家系第1位』のあの吉祥寺武蔵家が、新しい家系ラーメンを生み出した！醤油のキレッキレなスープが特徴的な家系BLACK！圧倒的な醤油感だが、しょっぱ過ぎず豚骨スープとの絶妙なバランスで「うまじょっぱい」の一言に尽きる。粗挽きブラックペッパーとの相性がよく、醤油のキレに加えてピリッとしたアクセントが食べ飽きることなく、間違いなくご飯が欲しくなる一杯だ。うまじょっぱスープと一緒に大量のライスを頬張るほど掻き込んで食していただきたい！！,"1,100円(税込1,188円)","(税込1,188円)",豚骨ラーメン
麺処ぐり虎 鶏塩ラーメン,https://www.takumen.com/products/1405,https://www.takumen.com/rails/active_storage/representations/redirect/eyJfcmFpbHMiOnsibWVzc2FnZSI6IkJBaHBBOW1xQWc9PSIsImV4cCI6bnVsbCwicHVyIjoiYmxvYl9pZCJ9fQ==--75e03ab0ea846561c4dc2a7a9f5891b19a66449a/eyJfcmFpbHMiOnsibWVzc2FnZSI6IkJBaDdCem9MWm05eWJXRjBTU0lJYW5CbkJqb0dSVlE2QzNKbGMybDZaVWtpRERRd01IZ3pNREFHT3daVSIsImV4cCI6bnVsbCwicHVyIjoidmFyaWF0aW9uIn19--ee5f3d2fe1d32a43a01abab55add07d4caca3659/photo_middle.jpg,ミシュランガイド2021掲載、『麺処 ほん田』出身の店主が手がける、あっさりながらも鶏の旨みたっぷりな一杯！,名店『麺処 ほん田』で修行を積んだ礒貝氏が手がける『麺処 ぐり虎』の代表作！見た目はあっさり、味は鶏の旨みたっぷり上品な味わいだ。丸鶏を贅沢に使用し煮込まれたスープは、秘伝の塩ダレと合わさることで、芳醇な香りと旨みが極限まで引き出され、口に入れた途端にすーっと鶏の旨みが鼻に突き抜ける。特注麺との相性は抜群で、するすると喉を通り抜けて行く！こだわり抜いた食材の味が楽しめる、さらりと飲み干せてしまう珠玉の一杯！,"1,000円(税込1,080円)","(税込1,080円)",塩ラーメン
鶏こく中華　すず喜 こく塩,https://www.takumen.com/products/1401,https://www.takumen.com/rails/active_storage/representations/redirect/eyJfcmFpbHMiOnsibWVzc2FnZSI6IkJBaHBBMkJSQWc9PSIsImV4cCI6bnVsbCwicHVyIjoiYmxvYl9pZCJ9fQ==--9b17cffa4cc26d1ebf09618347e47068137187e8/eyJfcmFpbHMiOnsibWVzc2FnZSI6IkJBaDdCem9MWm05eWJXRjBTU0lJYW5CbkJqb0dSVlE2QzNKbGMybDZaVWtpRERRd01IZ3pNREFHT3daVSIsImV4cCI6bnVsbCwicHVyIjoidmFyaWF0aW9uIn19--ee5f3d2fe1d32a43a01abab55add07d4caca3659/photo_middle.jpg,押し寄せる驚異のコク！すず喜が誇る究極の『こく塩』ここに極まれり！,「鶏こく中華 すず喜」は昼夜で屋号を変える二毛作スタイルで多くのラーメン好きから圧倒的な人気を誇っている有名店だ。今回は、看板メニューである”こく塩”が満を持して登場。塩スープは、麺に絡まるとマイルドな味わいに変化するよう計算された仕上がりになっている。一口食べると、魚介と動物系出汁の絶妙な配合から生まれるとんでもないコクが口いっぱいに広がり、その旨さは脳に刻み込まれ離れない。何度食べても「旨い」すず喜の誇る究極の一杯を宅麺で味わうことができる。ラーメン界を代表する一杯は老若男女問わずどんな方にもご堪能いただきたい！,"1,150円(税込1,242円)","(税込1,242円)",塩ラーメン
鮎ラーメン 鮎ラーメン,https://www.takumen.com/products/1398,https://www.takumen.com/rails/active_storage/representations/redirect/eyJfcmFpbHMiOnsibWVzc2FnZSI6IkJBaHBBM09IQWc9PSIsImV4cCI6bnVsbCwicHVyIjoiYmxvYl9pZCJ9fQ==--f319e25c38885b0d3b5574c0f9763a163b10e911/eyJfcmFpbHMiOnsibWVzc2FnZSI6IkJBaDdCem9MWm05eWJXRjBTU0lJYW5CbkJqb0dSVlE2QzNKbGMybDZaVWtpRERRd01IZ3pNREFHT3daVSIsImV4cCI6bnVsbCwicHVyIjoidmFyaWF0aW9uIn19--ee5f3d2fe1d32a43a01abab55add07d4caca3659/photo_middle.jpg,極上鮎が丸ごと一匹乗せられた贅沢な一杯！唯一無二の上品 “鮎” ラーメン！,「鮎ラーメン」はその名の通り鮎を丸ごと使用したラーメンを提供する、全国的に類を見ないラーメン店だ。今回は店舗でも提供されている鮎が宅麺でも丸ごと一匹同梱されている。身をほぐすことでスープに鮎の旨味が染み出し、香ばしさとあっさり塩味が楽しめる。通常の魚介スープとはまた違った味わいは、どんな方にもおすすめだ。日本人が好き好みそうな優しい味の仕上がりとなっている！,"1,400円(税込1,512円)","(税込1,512円)",味噌ラーメン
175°DENO担担麺 担担麺(汁なし),https://www.takumen.com/products/1392,https://www.takumen.com/rails/active_storage/representations/redirect/eyJfcmFpbHMiOnsibWVzc2FnZSI6IkJBaHBBOFpNQWc9PSIsImV4cCI6bnVsbCwicHVyIjoiYmxvYl9pZCJ9fQ==--1a96881257aa6e1edec75252b5270c57932401c1/eyJfcmFpbHMiOnsibWVzc2FnZSI6IkJBaDdCem9MWm05eWJXRjBTU0lJYW5CbkJqb0dSVlE2QzNKbGMybDZaVWtpRERRd01IZ3pNREFHT3daVSIsImV4cCI6bnVsbCwicHVyIjoidmFyaWF0aW9uIn19--ee5f3d2fe1d32a43a01abab55add07d4caca3659/photo_middle.jpg,175°のメイン商品、人気ナンバーワンである担担麺(汁なし)。日本のラーメン技術を駆使し、濃厚なゴマの旨味と手作り辣油・自家製調味料で作り上げられた化学調味料不使用、北海道育ちの汁なし担担麺！,店主自らが四川省の山奥で直接買い付ける香辛料を使用した自家製のラー油の辛味、酸味、苦みなどが調和するよう調合している。カシューナッツの香ばしさに加え、自家製調味料で炒めた挽肉は噛むと旨味が口に広がる！もちもちした特注の平打ち麺にゴマダレとラー油が良く絡み、やみつきになる味わいだ。,"1,280円(税込1,382円)","(税込1,382円)",不明
らあめん 満家 ざるらあめん,https://www.takumen.com/products/1388,https://www.takumen.com/rails/active_storage/representations/redirect/eyJfcmFpbHMiOnsibWVzc2FnZSI6IkJBaHBBNkJwQ2c9PSIsImV4cCI6bnVsbCwicHVyIjoiYmxvYl9pZCJ9fQ==--8187c86b3ed22eb8a5bb927aac265ddbe2c3efd8/eyJfcmFpbHMiOnsibWVzc2FnZSI6IkJBaDdCem9MWm05eWJXRjBTU0lJYW5CbkJqb0dSVlE2QzNKbGMybDZaVWtpRERRd01IZ3pNREFHT3daVSIsImV4cCI6bnVsbCwicHVyIjoidmFyaWF0aW9uIn19--ee5f3d2fe1d32a43a01abab55add07d4caca3659/photo_Logo.jpg,すんなりと喉を通る昔ながらの味！元祖満来系の味を受け継いだ伝統のらあめんが宅麺に初登場！,「らあめん 満家」の店主菊原氏は満来系ラーメンの元祖である新宿の「らあめん 満来」で修行をし、同じく激戦区の新宿は大久保の土地に開業。どこか懐かしさを感じる味のあっさりとした醤油ベースの豚清湯スープはただの醤油スープと侮ることなかれ！クセがなく非常に受け入れやすいため、あっという間に飲み干してしまう。「満来系」の中でも元祖である「らあめん 満来」の味わいを忠実に表現した「らあめん 満家」の味わいはどこの誰にも真似することはできない。分厚い角切りチャーシューはボリューム満点でスープの中で圧倒的な存在感を放つ。満足感抜群の「満来系」の一杯が宅麺に登場するのは今回が初、この絶好の機会を見逃すな！,"1,200円(税込1,296円)","(税込1,296円)",塩ラーメン
麺や福はら 芳醇鶏そば（塩）,https://www.takumen.com/products/1385,https://www.takumen.com/rails/active_storage/representations/redirect/eyJfcmFpbHMiOnsibWVzc2FnZSI6IkJBaHBBNk11QWc9PSIsImV4cCI6bnVsbCwicHVyIjoiYmxvYl9pZCJ9fQ==--249ed984dc8133c8084fa54d83bdca116b2822d9/eyJfcmFpbHMiOnsibWVzc2FnZSI6IkJBaDdCem9MWm05eWJXRjBTU0lJYW5CbkJqb0dSVlE2QzNKbGMybDZaVWtpRERRd01IZ3pNREFHT3daVSIsImV4cCI6bnVsbCwicHVyIjoidmFyaWF0aW9uIn19--ee5f3d2fe1d32a43a01abab55add07d4caca3659/photo_middle.jpg,その香り、贅の極み。大阪が誇る極上の塩ラーメンが満を持して『宅麺.com』に登場。,既に『宅麺.com』で大人気のインスパイア系『ラーメンフクロウ』をセカンドブランドに持つ『麺や福はら』が満を持して登場。黄金色に輝く美しいスープを一口飲むと、その見た目からは想像できないほど強烈な鶏の旨味とコクを感じる。直後に鼻を抜けていく芳醇な鶏油の香りは、一般的な清湯ラーメンとは一線を画していると言えるだろう。こだわりの自家製麺は平打ちの中細ストレート。上品かつ芳醇なスープにぴったりの滑らかな麺肌がたまらない。これが自宅で味わえるのは贅沢という他ないだろう。,"1,200円(税込1,296円)","(税込1,296円)",塩ラーメン
麺や福はら 芳醇鶏そば（醤油）,https://www.takumen.com/products/1384,https://www.takumen.com/rails/active_storage/representations/redirect/eyJfcmFpbHMiOnsibWVzc2FnZSI6IkJBaHBBNkl1QWc9PSIsImV4cCI6bnVsbCwicHVyIjoiYmxvYl9pZCJ9fQ==--f339ad28cca334e4c0d3499b2107ae1acda9cbb1/eyJfcmFpbHMiOnsibWVzc2FnZSI6IkJBaDdCem9MWm05eWJXRjBTU0lJYW5CbkJqb0dSVlE2QzNKbGMybDZaVWtpRERRd01IZ3pNREFHT3daVSIsImV4cCI6bnVsbCwicHVyIjoidmFyaWF0aW9uIn19--ee5f3d2fe1d32a43a01abab55add07d4caca3659/photo_middle.jpg,その香り、贅の極み。大阪が誇る極上の醤油ラーメンが満を持して『宅麺.com』に登場。,既に『宅麺.com』で大人気のインスパイア系『ラーメンフクロウ』をセカンドブランドに持つ『麺や福はら』が満を持して登場。クリアな醤油スープはあっさりしているかと思いきや、一口飲んだ瞬間に鶏の旨味とコクが口内にほとばしる。直後に鼻を抜けていく芳醇な鶏油の香りは、一般的な清湯ラーメンとは一線を画していると言えるだろう。こだわりの自家製麺は平打ちの中細ストレート。香り高い醤油スープにぴったりの滑らかな麺肌がたまらない。これが自宅で味わえるのは贅沢という他ないだろう。,"1,200円(税込1,296円)","(税込1,296円)",塩ラーメン
宅麺.com 宅麺オリジナル6.5切立丼（赤海波+プラチナ）,https://www.takumen.com/products/1367,https://www.takumen.com/rails/active_storage/representations/redirect/eyJfcmFpbHMiOnsibWVzc2FnZSI6IkJBaHBBNXVyQVE9PSIsImV4cCI6bnVsbCwicHVyIjoiYmxvYl9pZCJ9fQ==--5a6f40c0fc4b7b30cfdf97ba0b1d2108bb0c447d/eyJfcmFpbHMiOnsibWVzc2FnZSI6IkJBaDdCem9MWm05eWJXRjBTU0lJYW5CbkJqb0dSVlE2QzNKbGMybDZaVWtpRERRd01IZ3pNREFHT3daVSIsImV4cCI6bnVsbCwicHVyIjoidmFyaWF0aW9uIn19--ee5f3d2fe1d32a43a01abab55add07d4caca3659/photo_middle.jpg,オリジナル丼の新作を限定販売！,"お客様から頂いていたご要望にお応えし、宅麺オリジナル丼の新デザインを今回は各色250個ずつの数量限定販売になりますがご用意させて頂きました。ぜひこの機会にお買い求めください！
なお、内容量は、すりきりまでで約850ccとなっております。また、こちらの商品は金属のメッキを使っておりますので、電子レンジでのご利用はお控えください。","3,000円(税込3,240円)","(税込3,240円)",不明
宅麺.com 宅麺オリジナル6.5切立丼（青海波＋金）,https://www.takumen.com/products/1366,https://www.takumen.com/rails/active_storage/representations/redirect/eyJfcmFpbHMiOnsibWVzc2FnZSI6IkJBaHBBNWFyQVE9PSIsImV4cCI6bnVsbCwicHVyIjoiYmxvYl9pZCJ9fQ==--8a9fa4f752ae2a384593e9fb504f0462803f9092/eyJfcmFpbHMiOnsibWVzc2FnZSI6IkJBaDdCem9MWm05eWJXRjBTU0lJYW5CbkJqb0dSVlE2QzNKbGMybDZaVWtpRERRd01IZ3pNREFHT3daVSIsImV4cCI6bnVsbCwicHVyIjoidmFyaWF0aW9uIn19--ee5f3d2fe1d32a43a01abab55add07d4caca3659/photo_middle.jpg,オリジナル丼の新作を限定販売！,"お客様から頂いていたご要望にお応えし、宅麺オリジナル丼の新デザインを今回は各色250個ずつの数量限定販売になりますがご用意させて頂きました。ぜひこの機会にお買い求めください！
なお、内容量は、すりきりまでで約850ccとなっております。また、こちらの商品は金属のメッキを使っておりますので、電子レンジでのご利用はお控えください。","3,000円(税込3,240円)","(税込3,240円)",不明
中華蕎麦 とみ田 らぁ麺（醤油）,https://www.takumen.com/products/1364,https://www.takumen.com/rails/active_storage/representations/redirect/eyJfcmFpbHMiOnsibWVzc2FnZSI6IkJBaHBBNDFoQVE9PSIsImV4cCI6bnVsbCwicHVyIjoiYmxvYl9pZCJ9fQ==--b3dbd4699326b11b5ed083dc396cc8c4a31a38e1/eyJfcmFpbHMiOnsibWVzc2FnZSI6IkJBaDdCem9MWm05eWJXRjBTU0lJYW5CbkJqb0dSVlE2QzNKbGMybDZaVWtpRERRd01IZ3pNREFHT3daVSIsImV4cCI6bnVsbCwicHVyIjoidmFyaWF0aW9uIn19--ee5f3d2fe1d32a43a01abab55add07d4caca3659/photo_middle.jpg,ラーメン界の王者・富田治氏がこだわりぬいた至高のらぁ麺！,全国屈指の行列店、中華蕎麦とみ田の代表富田治氏がこだわり抜いて磨き上げた「らぁ麺（醤油）」。幻の豚TOKYO-Xの骨を大量に使用し、じっくりと煮込んだスープは、厳選した希少な生揚げ醤油のみで整えられたこだわりの一杯。あっさりとした清湯スープながらも、濃厚で旨味のつまったどこか懐かしい上品な味わい！ 数種類のブランド地鶏を中心とした旨味の余韻は最後の一滴まで続く！,"1,090円(税込1,177円)","(税込1,177円)",塩ラーメン
中華蕎麦 とみ田 濃厚豚骨醤油ラーメン,https://www.takumen.com/products/1363,https://www.takumen.com/rails/active_storage/representations/redirect/eyJfcmFpbHMiOnsibWVzc2FnZSI6IkJBaHBBeWQwQVE9PSIsImV4cCI6bnVsbCwicHVyIjoiYmxvYl9pZCJ9fQ==--7189fb9ddeaef84480cf4ad8d551e17ce0971d41/eyJfcmFpbHMiOnsibWVzc2FnZSI6IkJBaDdCem9MWm05eWJXRjBTU0lJYW5CbkJqb0dSVlE2QzNKbGMybDZaVWtpRERRd01IZ3pNREFHT3daVSIsImV4cCI6bnVsbCwicHVyIjoidmFyaWF0aW9uIn19--ee5f3d2fe1d32a43a01abab55add07d4caca3659/photo_middle.jpg,日本を代表する名店が贈る家系ラーメンをご堪能あれ！,日本一のつけめんと名高い中華蕎麦とみ田が作る家系ラーメンは、旨味全開、インパクト抜群の中毒性のある味です。醤油ダレもしっかり効かせてあり、濃い目の味付けにしております。こだわりの香り高き鶏油は食欲をそそります。是非ライスと一緒にお召し上がり下さい。店主の富田 治氏が家系ラーメンへのリスペクトを込めて贈る、本格的な濃厚豚骨醤油ラーメンをお楽しみ下さい。,"1,100円(税込1,188円)","(税込1,188円)",豚骨ラーメン
村岡屋 つけ麺,https://www.takumen.com/products/1361,https://www.takumen.com/rails/active_storage/representations/redirect/eyJfcmFpbHMiOnsibWVzc2FnZSI6IkJBaHBBenMyQVE9PSIsImV4cCI6bnVsbCwicHVyIjoiYmxvYl9pZCJ9fQ==--d5d070b7f8a2a93ef250d16017cb59dcfe6380b5/eyJfcmFpbHMiOnsibWVzc2FnZSI6IkJBaDdCem9MWm05eWJXRjBTU0lJYW5CbkJqb0dSVlE2QzNKbGMybDZaVWtpRERRd01IZ3pNREFHT3daVSIsImV4cCI6bnVsbCwicHVyIjoidmFyaWF0aW9uIn19--ee5f3d2fe1d32a43a01abab55add07d4caca3659/photo_middle.jpg,インパクト抜群！栃木トップクラスの豚骨魚介系つけ麺！,豚骨魚介系のスープは濃厚で和風な味わいの中に、ほんのり現れる甘さがクセになること間違いなし！チャーシューは分厚く、歯切れが良い。自家製の極太麺は歯応え抜群、ボリューム満点で非常に満腹感のある一杯。栃木県有数のつけ麺が宅麺に堂々見参！,"1,340円(税込1,447円)","(税込1,447円)",豚骨ラーメン
ラーメンフクロウ ラーメン（全マシマシ）,https://www.takumen.com/products/1360,https://www.takumen.com/rails/active_storage/representations/redirect/eyJfcmFpbHMiOnsibWVzc2FnZSI6IkJBaHBBK1NKQWc9PSIsImV4cCI6bnVsbCwicHVyIjoiYmxvYl9pZCJ9fQ==--0013eca3e4986e643ac69877d77c8f80d3aa9f89/eyJfcmFpbHMiOnsibWVzc2FnZSI6IkJBaDdCem9MWm05eWJXRjBTU0lJYW5CbkJqb0dSVlE2QzNKbGMybDZaVWtpRERRd01IZ3pNREFHT3daVSIsImV4cCI6bnVsbCwicHVyIjoidmFyaWF0aW9uIn19--ee5f3d2fe1d32a43a01abab55add07d4caca3659/photo_middle.jpg,宅麺史上初！！大阪の人気二郎インスパイアが全マシマシの一杯で再出発！,2017年オープン後、瞬く間に人気店の仲間入りを果たした「麺や福はら」。同店の二郎インスパイア系のセカンドブランドである「ラーメンフクロウ」は、すでに宅麺でも怒涛の人気を誇っている。今回は宅麺史上初の全マシマシ仕様のラーメンで再出発！豚5枚、アブラマシマシ、カラメマシマシのセットとなっているため、自宅ではにんにく・野菜をマシマシに盛って、豪快に楽しんで頂きたい！！,"1,400円(税込1,512円)","(税込1,512円)",不明
小金井大勝軒 もりそば,https://www.takumen.com/products/1357,https://www.takumen.com/rails/active_storage/representations/redirect/eyJfcmFpbHMiOnsibWVzc2FnZSI6IkJBaHBBMWNrQVE9PSIsImV4cCI6bnVsbCwicHVyIjoiYmxvYl9pZCJ9fQ==--e72526bba2c8ff3a9a8b3356e031ffbe93cdaafc/eyJfcmFpbHMiOnsibWVzc2FnZSI6IkJBaDdCem9MWm05eWJXRjBTU0lJYW5CbkJqb0dSVlE2QzNKbGMybDZaVWtpRERRd01IZ3pNREFHT3daVSIsImV4cCI6bnVsbCwicHVyIjoidmFyaWF0aW9uIn19--ee5f3d2fe1d32a43a01abab55add07d4caca3659/photo_middle.jpg,いつまでもすすり続けたい至高のもりそば,つけ麺発祥の店『東池袋大勝軒』のDNAを受け継いだ『小金井大勝軒』がついに『宅麺.com』に登場。コシの強い自家製中太麺はボリューム満点ながらも、全く量を感じさせずにズルズルとすすれる。素材一つ一つがしっかりと主張するつけ汁には少し酸味も感じられ、どこまでも食欲が掻き立てられるのだ。,"1,100円(税込1,188円)","(税込1,188円)",不明
麺でる ラーメン（黒豚2枚入り・幻の14連麺入り）,https://www.takumen.com/products/1354,https://www.takumen.com/rails/active_storage/representations/redirect/eyJfcmFpbHMiOnsibWVzc2FnZSI6IkJBaHBBbVRmIiwiZXhwIjpudWxsLCJwdXIiOiJibG9iX2lkIn19--647cf67e1d939752d06f4b0fa91a86bc2842cae3/eyJfcmFpbHMiOnsibWVzc2FnZSI6IkJBaDdCem9MWm05eWJXRjBTU0lJYW5CbkJqb0dSVlE2QzNKbGMybDZaVWtpRERRd01IZ3pNREFHT3daVSIsImV4cCI6bnVsbCwicHVyIjoidmFyaWF0aW9uIn19--ee5f3d2fe1d32a43a01abab55add07d4caca3659/photo_midle.jpg,もちもちの自家製麺に凝縮された醤油豚骨スープが相性抜群の一杯！,東京・田園調布にて長年二郎インスパイアラーメンを提供し続けている「麺でる」。もちもちの自家製極太麺と、旨みが凝縮された醤油豚骨スープが相性抜群な一杯！さらに宅麺のために、麺が横に14本連なった、幻の14連麺を宅麺のためにと特別にご用意いただいた！もちもちの食感でスープとも相性抜群な極上の味わい！全てが大満足の一杯となっていることは言うまでもない！,"1,180円(税込1,274円)","(税込1,274円)",豚骨ラーメン
scLabo 濃厚煮干しまぜそば,https://www.takumen.com/products/1353,https://www.takumen.com/rails/active_storage/representations/redirect/eyJfcmFpbHMiOnsibWVzc2FnZSI6IkJBaHBBMnBhQ3c9PSIsImV4cCI6bnVsbCwicHVyIjoiYmxvYl9pZCJ9fQ==--21a926edb9731807d04295940d9675af26d6e15b/eyJfcmFpbHMiOnsibWVzc2FnZSI6IkJBaDdCem9MWm05eWJXRjBTU0lJYW5CbkJqb0dSVlE2QzNKbGMybDZaVWtpRERRd01IZ3pNREFHT3daVSIsImV4cCI6bnVsbCwicHVyIjoidmFyaWF0aW9uIn19--ee5f3d2fe1d32a43a01abab55add07d4caca3659/photo_middle.jpg,センス抜群な店主が放つ究極の濃密な煮干しまぜそば！,フレンチ出身！センス抜群の店主が放つ、唯一無二の煮干しまぜそば。上質な煮干しだけを厳選し、大量に使用した超濃厚な一杯は、後味の良さが特徴。残ったタレと具材にご飯を混ぜて食べる、宅麺ならではの楽しみ方がオススメです。このまぜそばは、どこでも提供しておらず、食べられるのは宅麺だけ！！,"1,300円(税込1,404円)","(税込1,404円)",不明
想吃担担面 濃厚汁有り担担麺,https://www.takumen.com/products/1344,https://www.takumen.com/rails/active_storage/representations/redirect/eyJfcmFpbHMiOnsibWVzc2FnZSI6IkJBaHBBbFRHIiwiZXhwIjpudWxsLCJwdXIiOiJibG9iX2lkIn19--9543d8fe4998a4bcc45449f66c50025d486d1299/eyJfcmFpbHMiOnsibWVzc2FnZSI6IkJBaDdCem9MWm05eWJXRjBTU0lJYW5CbkJqb0dSVlE2QzNKbGMybDZaVWtpRERRd01IZ3pNREFHT3daVSIsImV4cCI6bnVsbCwicHVyIjoidmFyaWF0aW9uIn19--ee5f3d2fe1d32a43a01abab55add07d4caca3659/photo_middle.jpg,名古屋発！60年以上の歴史を紡ぐ担担麺の老舗が登場！,名古屋駅を中心に愛知で複数の店舗を展開している「想吃担担面（シャンツーダンダンミェン）」。1954年から続く中華料理店の名物料理から生まれた、名古屋初の担担麺専門店として知られている！またお店のメニューも20種類以上を誇っており、メニューの豊富さとオシャレな店内から女性客も多い。店名を日本語に訳すと「担担麺を食べたい！」、まさに誰もが食べたいと想う一杯を提供するべく進化を続けているのである。,"1,200円(税込1,296円)","(税込1,296円)",不明
宅麺.com 宅麺オリジナルレンゲ,https://www.takumen.com/products/1338,https://www.takumen.com/rails/active_storage/representations/redirect/eyJfcmFpbHMiOnsibWVzc2FnZSI6IkJBaHBBbkwwIiwiZXhwIjpudWxsLCJwdXIiOiJibG9iX2lkIn19--e07c7947a4a569da0ce250bba5bd189737feb8db/eyJfcmFpbHMiOnsibWVzc2FnZSI6IkJBaDdCem9MWm05eWJXRjBTU0lJYW5CbkJqb0dSVlE2QzNKbGMybDZaVWtpRERRd01IZ3pNREFHT3daVSIsImV4cCI6bnVsbCwicHVyIjoidmFyaWF0aW9uIn19--ee5f3d2fe1d32a43a01abab55add07d4caca3659/photo_middle.jpg,宅麺オリジナルレンゲをついに販売開始！,お客様から頂いていたご要望にお応えし、宅麺オリジナルレンゲを販売開始！ちょっと贅沢な自宅での一杯のお供に、ぜひ宅麺オリジナルレンゲを添えてください！,500円(税込540円),(税込540円),不明
めんや天夢 煮干らーめん【ヤバニボ】醤油,https://www.takumen.com/products/1337,https://www.takumen.com/rails/active_storage/representations/redirect/eyJfcmFpbHMiOnsibWVzc2FnZSI6IkJBaHBBa3JHIiwiZXhwIjpudWxsLCJwdXIiOiJibG9iX2lkIn19--6e004e1fffd4156590d249ee8fbc7931289a4bac/eyJfcmFpbHMiOnsibWVzc2FnZSI6IkJBaDdCem9MWm05eWJXRjBTU0lJYW5CbkJqb0dSVlE2QzNKbGMybDZaVWtpRERRd01IZ3pNREFHT3daVSIsImV4cCI6bnVsbCwicHVyIjoidmFyaWF0aW9uIn19--ee5f3d2fe1d32a43a01abab55add07d4caca3659/photo_middle.jpg,ヤバニボ度100%！栃木の煮干ラーメンの名店がついに宅麺に登場！,煮干の有名店として栃木で名を馳せる「めんや天夢」。ラーメン業界では、もはやトレンドになりつつある「ドロ系煮干ラーメン」の有名店として数多くのファンから支持されている。今回登場するのは煮干らーめん【ヤバニボ】醤油。キャッチーな名前と衝撃度MAXのビジュアル、つい癖になってしまう濃厚な煮干の味は、人気爆発すること間違いなし！待望のヤバニボをぜひ自宅で楽しんでいただきたい！,"1,200円(税込1,296円)","(税込1,296円)",醤油ラーメン
中華蕎麦ひろた 極中華蕎麦,https://www.takumen.com/products/1327,https://www.takumen.com/rails/active_storage/representations/redirect/eyJfcmFpbHMiOnsibWVzc2FnZSI6IkJBaHBBbGJHIiwiZXhwIjpudWxsLCJwdXIiOiJibG9iX2lkIn19--5096cef867744a81d21d1eefd6a4728f877cead0/eyJfcmFpbHMiOnsibWVzc2FnZSI6IkJBaDdCem9MWm05eWJXRjBTU0lJYW5CbkJqb0dSVlE2QzNKbGMybDZaVWtpRERRd01IZ3pNREFHT3daVSIsImV4cCI6bnVsbCwicHVyIjoidmFyaWF0aW9uIn19--ee5f3d2fe1d32a43a01abab55add07d4caca3659/photo_middle.jpg,山形で存在感を放つ！ガツンとパンチの効いた二郎インスパイアの新星！,"山形で一際存在感を示す「中華蕎麦ひろた」。""極""とつくようにパンチの効いたド乳化スープは、キレのある醤油と相性抜群で濃厚好きにはたまらない一杯である。また、しっかり味が染み込んだド迫力の分厚い豚は、濃厚な旨味抜群で極みを体現するのにふさわしい一品である。地元山形の名店「新旬屋」が手がけるということでオープン当初から大注目を集め、今ではお客さんの胃袋をガッチリ掴み、人気店への階段を着実に駆け上がっている。あたたかい白ご飯の上にほぐしたチャーシューを乗せ、かき混ぜた生卵やマヨネーズをトッピングすることで更なる濃厚の極みが味わえる！！","1,390円(税込1,501円)","(税込1,501円)",醤油ラーメン
